-- phpMyAdmin SQL Dump
-- version 4.9.0.1
-- https://www.phpmyadmin.net/
--
-- Host: 127.0.0.1
-- Generation Time: Oct 19, 2019 at 09:47 PM
-- Server version: 10.4.6-MariaDB
-- PHP Version: 7.3.9

SET SQL_MODE = "NO_AUTO_VALUE_ON_ZERO";
SET AUTOCOMMIT = 0;
START TRANSACTION;
SET time_zone = "+00:00";


/*!40101 SET @OLD_CHARACTER_SET_CLIENT=@@CHARACTER_SET_CLIENT */;
/*!40101 SET @OLD_CHARACTER_SET_RESULTS=@@CHARACTER_SET_RESULTS */;
/*!40101 SET @OLD_COLLATION_CONNECTION=@@COLLATION_CONNECTION */;
/*!40101 SET NAMES utf8mb4 */;

--
-- Database: `pharmacy_store`
--

-- --------------------------------------------------------

--
-- Table structure for table `login`
--

CREATE TABLE `login` (
  `user_id` int(11) NOT NULL,
  `first_name` varchar(50) NOT NULL,
  `last_name` varchar(50) NOT NULL,
  `phone` varchar(15) NOT NULL,
  `username` varchar(255) NOT NULL,
  `password` varchar(255) NOT NULL,
  `email` varchar(50) NOT NULL,
  `institution_code` varchar(45) NOT NULL,
  `branch` varchar(20) NOT NULL,
  `role_id` int(11) NOT NULL,
  `registered_by` int(11) NOT NULL,
  `reg_date` date NOT NULL,
  `user_status` enum('0','1','2','3') NOT NULL,
  `pass_updated` enum('0','1') NOT NULL DEFAULT '0'
) ENGINE=InnoDB DEFAULT CHARSET=latin1;

--
-- Dumping data for table `login`
--

INSERT INTO `login` (`user_id`, `first_name`, `last_name`, `phone`, `username`, `password`, `email`, `institution_code`, `branch`, `role_id`, `registered_by`, `reg_date`, `user_status`, `pass_updated`) VALUES
(16, 'Richard', 'MUVUNYI', '0725894486', 'Muvunyi1', '$2y$10$ElpXrfLhFmCkDb4FWOLC5.nvxeXyRZvEhkzqdN7qM1kKSwDXJnnAe', 'muvunyirichard@gmail.com', 'superAdmin', '4', 1, 8, '2019-09-29', '1', '1'),
(29, 'URAGIJWIMANA', 'Jean de la paix', '+250788557490', 'Jop', '$2y$10$rucPpE1CmpW08QBe0dZiqeisyC/aikAvS16SLH4hLld27g6JoGyZ6', 'uragijop@yahoo.fr', 'U7675', '4', 3, 16, '2019-10-13', '1', '1'),
(37, 'URAGIJWIMANA', 'Jean de la Paix', '250788557490', 'delapaix', '$2y$10$7KhT90WhSQVgA3DWaGaX8Ozz.SWBWgUhri.3oOiwYwuNUWWlsPS.W', 'uragijop@gmail.com', 'U7675', '5', 4, 29, '2019-10-19', '1', '1'),
(38, 'NDUWAYEZU', 'Bilda', '0782289359', 'bilda', '$2y$10$Ev1bw0cLXuP8cITO.HxR2.oZjm7P0ZI4xShT.F4R1b4ZCHv/jW6ke', 'bilda@gmail.com', 'U7675', '5', 4, 29, '2019-10-19', '1', '1');

-- --------------------------------------------------------

--
-- Table structure for table `login_details`
--

CREATE TABLE `login_details` (
  `login_details_id` int(11) NOT NULL,
  `user_id` int(11) NOT NULL,
  `last_activity` timestamp NOT NULL DEFAULT current_timestamp(),
  `is_type` enum('no','yes') NOT NULL
) ENGINE=InnoDB DEFAULT CHARSET=latin1;

--
-- Dumping data for table `login_details`
--

INSERT INTO `login_details` (`login_details_id`, `user_id`, `last_activity`, `is_type`) VALUES
(0, 16, '2019-10-13 09:06:43', 'no');

-- --------------------------------------------------------

--
-- Table structure for table `medical_category`
--

CREATE TABLE `medical_category` (
  `category_ID` int(11) NOT NULL,
  `category_name` varchar(52) NOT NULL,
  `category_desc` varchar(100) NOT NULL,
  `user_id` int(11) NOT NULL,
  `branch_ID` int(11) NOT NULL,
  `institution_code` varchar(45) NOT NULL,
  `inserted_id` date NOT NULL,
  `category_status` enum('0','1') NOT NULL
) ENGINE=InnoDB DEFAULT CHARSET=utf8;

--
-- Dumping data for table `medical_category`
--

INSERT INTO `medical_category` (`category_ID`, `category_name`, `category_desc`, `user_id`, `branch_ID`, `institution_code`, `inserted_id`, `category_status`) VALUES
(1, 'VIAL', 'INJECTABLE DOSAGE FORM', 37, 5, 'U7675', '2019-10-19', '1'),
(2, 'BLISTER', 'TABLETS OR CAPSULES PACKED AS ONE BLISTER', 37, 5, 'U7675', '2019-10-19', '1'),
(3, 'BOTTLE', 'SYRUPS, ORAL SUSPENSIONS, OTHER FLUIDS  OR POWDER FOR RECONSTITUTION PACKED IN BOTTLES', 37, 5, 'U7675', '2019-10-19', '1'),
(4, 'CAPSULE', 'ORAL DOSAGE FORM IN FORM OF CAPSULES', 37, 5, 'U7675', '2019-10-19', '1'),
(5, 'CYCLE', 'TABLETS PACKED AS CYLCE ESPECIALLY FOR FAMILY PLANNING ORAL PILLS', 37, 5, 'U7675', '2019-10-19', '1'),
(6, 'OVULE', 'VAGINAL TABLETS OR PESSARIES', 37, 5, 'U7675', '2019-10-19', '1'),
(7, 'PACK', 'ENTIRE BOX OF TABLETS, CAPSULES, POWDER, SUPPOSITORIES, OVULES, etc', 37, 5, 'U7675', '2019-10-19', '1'),
(8, 'PAIRE', 'A COUPLE OF TWO ITEMS', 37, 5, 'U7675', '2019-10-19', '1'),
(9, 'PIECE', 'A SMALL PART OF THE ITEM', 37, 5, 'U7675', '2019-10-19', '1'),
(10, 'SACHET', 'MEDICINES PACKET IN SACHET', 37, 5, 'U7675', '2019-10-19', '1'),
(11, 'SUPPO', 'MEDICINES DESIGNED FOR ANAL ROUTE', 37, 5, 'U7675', '2019-10-19', '1'),
(12, 'TAB', 'ORAL  DOSAGE FORM IN FORM OF TABLETS', 37, 5, 'U7675', '2019-10-19', '1'),
(13, 'TUBE', 'OINTMENT, CREAM OR GEL PACKED IN TUBE', 37, 5, 'U7675', '2019-10-19', '1'),
(14, '1L', 'FLUIDS FORM MEASURED USING FLUID MEASURES (1L)', 37, 5, 'U7675', '2019-10-19', '1');

-- --------------------------------------------------------

--
-- Table structure for table `medical_expense`
--

CREATE TABLE `medical_expense` (
  `expense_ID` int(11) NOT NULL,
  `bank_number` varchar(45) NOT NULL,
  `expense_amount` int(11) NOT NULL,
  `branch_id` int(11) NOT NULL,
  `institution_code` varchar(45) NOT NULL,
  `user_ids` int(11) NOT NULL,
  `approved_by` int(11) DEFAULT NULL,
  `Hidder` int(11) DEFAULT NULL,
  `expense_reason` varchar(500) NOT NULL,
  `reg_date` date NOT NULL,
  `Approved_date` date DEFAULT NULL,
  `Hidding_date` date DEFAULT NULL,
  `reg_time` time NOT NULL,
  `expense_status` enum('0','1','2','3') NOT NULL DEFAULT '0'
) ENGINE=InnoDB DEFAULT CHARSET=utf8;

-- --------------------------------------------------------

--
-- Table structure for table `medical_incomes`
--

CREATE TABLE `medical_incomes` (
  `income_ID` int(11) NOT NULL,
  `bank_number` varchar(45) NOT NULL,
  `income_amount` int(11) NOT NULL,
  `branch_id` int(11) NOT NULL,
  `institution_code` varchar(45) NOT NULL,
  `user_ids` int(11) NOT NULL,
  `income_reason` varchar(500) NOT NULL,
  `approved_by` int(11) DEFAULT NULL,
  `Hidder` int(11) DEFAULT NULL,
  `reg_date` int(11) NOT NULL,
  `reg_time` date NOT NULL,
  `income_status` enum('0','1','2','3') NOT NULL DEFAULT '0'
) ENGINE=InnoDB DEFAULT CHARSET=utf8;

-- --------------------------------------------------------

--
-- Table structure for table `medical_product`
--

CREATE TABLE `medical_product` (
  `product_ID` int(11) NOT NULL,
  `product_Nmae` varchar(50) NOT NULL,
  `category` varchar(45) NOT NULL,
  `branch_ID` int(11) NOT NULL,
  `institution_code` varchar(45) NOT NULL,
  `register_date` date NOT NULL,
  `product_status` int(11) NOT NULL
) ENGINE=InnoDB DEFAULT CHARSET=utf8;

--
-- Dumping data for table `medical_product`
--

INSERT INTO `medical_product` (`product_ID`, `product_Nmae`, `category`, `branch_ID`, `institution_code`, `register_date`, `product_status`) VALUES
(1, '4-ACID LIQUID 200 ML (ANTACID LIQUID)', '3', 5, 'U7675', '2019-10-19', 1),
(2, 'AaCIFEMIME  2MG', '12', 5, 'U7675', '2019-10-19', 1),
(3, 'ABACOF SYRUP', '3', 5, 'U7675', '2019-10-19', 1),
(4, 'ABNAL NASAL DROPS 10ML', '3', 5, 'U7675', '2019-10-19', 1),
(5, 'AB-TONE SP', '3', 5, 'U7675', '2019-10-19', 1),
(6, 'AB-TONE TABLET', '12', 5, 'U7675', '2019-10-19', 1),
(7, 'ACECLOFENAC 200MG (DOLOWIN) TAB', '12', 5, 'U7675', '2019-10-19', 1),
(8, 'ACETYLSALICICYLATE DE LYSYNE INJ 0.9 GM', '1', 5, 'U7675', '2019-10-19', 1),
(9, 'ACIDE FOLIQUE  S/F', '12', 5, 'U7675', '2019-10-19', 1),
(10, 'ACIDE FOLIQUE  VRAC', '12', 5, 'U7675', '2019-10-19', 1),
(11, 'ACIDE NALIDIXIQUE 500 MG', '4', 5, 'U7675', '2019-10-19', 1),
(12, 'ACINET  228.5MG/5ML', '3', 5, 'U7675', '2019-10-19', 1),
(13, 'ACINET 375MG CPR', '12', 5, 'U7675', '2019-10-19', 1),
(14, 'ACINET 625MG CPR', '12', 5, 'U7675', '2019-10-19', 1),
(15, 'ACINET SP 156 MG/5 ML 100 ML', '3', 5, 'U7675', '2019-10-19', 1),
(16, 'ACNESOL CREAM (TRETINOIN 0.05% W/W)', '13', 5, 'U7675', '2019-10-19', 1),
(17, 'ACTAPULGITE 1 GM SACH', '10', 5, 'U7675', '2019-10-19', 1),
(18, 'ACTAPULGITE 3 GM SACH', '10', 5, 'U7675', '2019-10-19', 1),
(19, 'ACTIFED  SIROP FL 100ML', '3', 5, 'U7675', '2019-10-19', 1),
(20, 'ACTIFED  SIROP FL 180ML', '3', 5, 'U7675', '2019-10-19', 1),
(21, 'ACTIFED CPR', '7', 5, 'U7675', '2019-10-19', 1),
(22, 'ACTIMAG 100 ML SP', '3', 5, 'U7675', '2019-10-19', 1),
(23, 'ACTION', '12', 5, 'U7675', '2019-10-19', 1),
(24, 'ACTOPHLEM 100ML', '3', 5, 'U7675', '2019-10-19', 1),
(25, 'ACYCLOVIR  400MG', '12', 5, 'U7675', '2019-10-19', 1),
(26, 'ACYCLOVIR 200MG CPR', '12', 5, 'U7675', '2019-10-19', 1),
(27, 'ACYCLOVIR CREAM 10 GM', '13', 5, 'U7675', '2019-10-19', 1),
(28, 'ACYCLOVIR DENK 200MG CPR', '12', 5, 'U7675', '2019-10-19', 1),
(29, 'ACYCLOVIR DENK 5% CRÈME DERMIQUE 5GM', '13', 5, 'U7675', '2019-10-19', 1),
(30, 'ADALATE  20MG  CPR', '12', 5, 'U7675', '2019-10-19', 1),
(31, 'ADALATE OROS 30MG', '12', 5, 'U7675', '2019-10-19', 1),
(32, 'ADRENALINE  INJ', '1', 5, 'U7675', '2019-10-19', 1),
(33, 'ADVANTAN CRÈME 15G', '13', 5, 'U7675', '2019-10-19', 1),
(34, 'ADVANTAN POMMADE 15G', '13', 5, 'U7675', '2019-10-19', 1),
(35, 'AERIUS  CPR', '12', 5, 'U7675', '2019-10-19', 1),
(36, 'AERIUS  SYRUP 60ML', '3', 5, 'U7675', '2019-10-19', 1),
(37, 'AFTER SHAVE', '3', 5, 'U7675', '2019-10-19', 1),
(38, 'AGNESIA ANTISEPTIC POWDER 100 GM', '3', 5, 'U7675', '2019-10-19', 1),
(39, 'AGYRAX 25 MG CPR', '12', 5, 'U7675', '2019-10-19', 1),
(40, 'AKINETON 2 MG CPR', '12', 5, 'U7675', '2019-10-19', 1),
(41, 'AKINETON 4 MG CPR', '12', 5, 'U7675', '2019-10-19', 1),
(42, 'ALBENDAZOLE 200 MG/5 ML', '3', 5, 'U7675', '2019-10-19', 1),
(43, 'ALBENDAZOLE 400 MG CPR', '12', 5, 'U7675', '2019-10-19', 1),
(44, 'ALBENDAZOLE 400 MG CPR VRAC', '12', 5, 'U7675', '2019-10-19', 1),
(45, 'ALCET(LEVOCETIRIZINE) 5 MG', '12', 5, 'U7675', '2019-10-19', 1),
(46, 'ALCOOL DENATURE 95% JERRYCAN (ROSE)', '14', 5, 'U7675', '2019-10-19', 1),
(47, 'ALCOOL DENATURE 96% JERRYCAN', '14', 5, 'U7675', '2019-10-19', 1),
(48, 'ALCOOL DENATURE 96.4% 120 ML APIPHARMA', '3', 5, 'U7675', '2019-10-19', 1),
(49, 'ALCOOL DENATURE 96.4% 120 ML EXPERIENCE', '3', 5, 'U7675', '2019-10-19', 1),
(50, 'ALCOOL DENATURE 96.4% 120 ML KIPHARMA', '3', 5, 'U7675', '2019-10-19', 1),
(51, 'ALCOOL SWABS 70%(ISOPROPYL ALCOOL) B/100', '10', 5, 'U7675', '2019-10-19', 1),
(52, 'ALDACTONE  100MG  CPR', '12', 5, 'U7675', '2019-10-19', 1),
(53, 'ALDACTONE  25MG  CPR', '12', 5, 'U7675', '2019-10-19', 1),
(54, 'ALDACTONE  50MG  CPR', '12', 5, 'U7675', '2019-10-19', 1),
(55, 'ALDOMET  250MG  CPR  S/F', '12', 5, 'U7675', '2019-10-19', 1),
(56, 'ALGESAL BAUME 40 GM', '13', 5, 'U7675', '2019-10-19', 1),
(57, 'ALGESAL SURACTIVE 40 GM', '13', 5, 'U7675', '2019-10-19', 1),
(58, 'ALGIPAN BAUME 140 GM', '13', 5, 'U7675', '2019-10-19', 1),
(59, 'ALMIDE COLLYRE', '7', 5, 'U7675', '2019-10-19', 1),
(60, 'ALOE EVER-SHIELD 92.1G DEODORANT STICK', '3', 5, 'U7675', '2019-10-19', 1),
(61, 'ALOE LIPS', '13', 5, 'U7675', '2019-10-19', 1),
(62, 'ALVITE SYRUP 200ML', '3', 5, 'U7675', '2019-10-19', 1),
(63, 'ALVITYL CPR', '12', 5, 'U7675', '2019-10-19', 1),
(64, 'ALVITYL SYRUP 150 ML', '3', 5, 'U7675', '2019-10-19', 1),
(65, 'ALWAYS COTEX', '7', 5, 'U7675', '2019-10-19', 1),
(66, 'AMAREL  1MG', '12', 5, 'U7675', '2019-10-19', 1),
(67, 'AMAREL  2MG', '12', 5, 'U7675', '2019-10-19', 1),
(68, 'AMAREL  3MG', '12', 5, 'U7675', '2019-10-19', 1),
(69, 'AMAREL  4MG', '12', 5, 'U7675', '2019-10-19', 1),
(70, 'AMARYL 2MG/500 MG', '12', 5, 'U7675', '2019-10-19', 1),
(71, 'AMAVUTA Y\' INKA 120G ', '3', 5, 'U7675', '2019-10-19', 1),
(72, 'AMAVUTA Y\' INKA 250G', '3', 5, 'U7675', '2019-10-19', 1),
(73, 'AMAVUTA Y\' INKA 500G', '3', 5, 'U7675', '2019-10-19', 1),
(74, 'AMIFER SYRUP 200 ML', '3', 5, 'U7675', '2019-10-19', 1),
(75, 'AMIGO PAMPEX', '7', 5, 'U7675', '2019-10-19', 1),
(76, 'AMINOPHYLLINE 100MG  VRAC', '12', 5, 'U7675', '2019-10-19', 1),
(77, 'AMINOPHYLLINE 100MG S/F', '12', 5, 'U7675', '2019-10-19', 1),
(78, 'AMINOPHYLLINE INJ 10 ML', '1', 5, 'U7675', '2019-10-19', 1),
(79, 'AMITRIPTYLINE 25 MG CPR', '12', 5, 'U7675', '2019-10-19', 1),
(80, 'AMITRIPTYLINE 25 MG CPR VRAC', '12', 5, 'U7675', '2019-10-19', 1),
(81, 'AMLODAC 5MG CPR', '12', 5, 'U7675', '2019-10-19', 1),
(82, 'AMLODIPINE  10MG', '12', 5, 'U7675', '2019-10-19', 1),
(83, 'AMLODIPINE 5 MG', '12', 5, 'U7675', '2019-10-19', 1),
(84, 'AMLODIPINE 5MG (PROVASK)', '12', 5, 'U7675', '2019-10-19', 1),
(85, 'AMLODIPINE DENK 10 MG', '12', 5, 'U7675', '2019-10-19', 1),
(86, 'AMLODIPINE DENK 5 MG', '12', 5, 'U7675', '2019-10-19', 1),
(87, 'AMLOZAAR CPR', '12', 5, 'U7675', '2019-10-19', 1),
(88, 'AMLOZAAR-H CPR', '12', 5, 'U7675', '2019-10-19', 1),
(89, 'AMOXYCILLIN & CLAVULANATE POTASSIUM 1000MG', '12', 5, 'U7675', '2019-10-19', 1),
(90, 'AMOXYCILLIN & CLAVULANATE POTASSIUM SP 156.25MG ', '12', 5, 'U7675', '2019-10-19', 1),
(91, 'AMOXYCILLINE 125MG/5ML 100 ML', '3', 5, 'U7675', '2019-10-19', 1),
(92, 'AMOXYCILLINE 250MG CAPS (S/F)', '4', 5, 'U7675', '2019-10-19', 1),
(93, 'AMOXYCILLINE 250MG VRAC', '4', 5, 'U7675', '2019-10-19', 1),
(94, 'AMOXYCILLINE 250MG/5ML 100 ML', '3', 5, 'U7675', '2019-10-19', 1),
(95, 'AMOXYCILLINE 500MG CAPS (S/F)', '4', 5, 'U7675', '2019-10-19', 1),
(96, 'AMOXYCILLINE 500MG TROGE', '4', 5, 'U7675', '2019-10-19', 1),
(97, 'AMOXYCILLINE DENK 1000MG BT 10', '7', 5, 'U7675', '2019-10-19', 1),
(98, 'AMOXYCILLINE DENK 500MG BT 2X10', '7', 5, 'U7675', '2019-10-19', 1),
(99, 'AMOXYCILLINE DENK 500MG BT 2X10', '7', 5, 'U7675', '2019-10-19', 1),
(100, 'AMOXYCILLINE SP 125 MG/5ML 60 ML', '3', 5, 'U7675', '2019-10-19', 1),
(101, 'AMPICILLIN 1 GM INJ', '1', 5, 'U7675', '2019-10-19', 1),
(102, 'AMPICILLIN 500 MG INJ', '1', 5, 'U7675', '2019-10-19', 1),
(103, 'ANAFRANIL  25MG', '12', 5, 'U7675', '2019-10-19', 1),
(104, 'ANGINOVAG SPRAY 10 ML', '3', 5, 'U7675', '2019-10-19', 1),
(105, 'ANIOS GEL 75ML', '3', 5, 'U7675', '2019-10-19', 1),
(106, 'ANOMEX SUPPO (ANTI-HAEMORRHOIDS SUPPO)', '11', 5, 'U7675', '2019-10-19', 1),
(107, 'ANTACID CPR S/F', '12', 5, 'U7675', '2019-10-19', 1),
(108, 'ANTALGEX-T CPS', '4', 5, 'U7675', '2019-10-19', 1),
(109, 'ANTIGRIPPINE CPR BT 12', '7', 5, 'U7675', '2019-10-19', 1),
(110, 'ANTIHAEMORRHOID OINTMENT (ZEROPILE) 30GM', '13', 5, 'U7675', '2019-10-19', 1),
(111, 'ANTIHEMORROIDAIRE PDE (CINFA)30 GM', '13', 5, 'U7675', '2019-10-19', 1),
(112, 'ANTIHEMORROIDAIRE PDE(HOLDEN) 30 GM', '13', 5, 'U7675', '2019-10-19', 1),
(113, 'ANTIHEMORROIDAIRE SUPPO ', '11', 5, 'U7675', '2019-10-19', 1),
(114, 'ANUSOL  SUPPO', '11', 5, 'U7675', '2019-10-19', 1),
(115, 'ANUSOL PDE 25 MG', '13', 5, 'U7675', '2019-10-19', 1),
(116, 'APFLU SP', '3', 5, 'U7675', '2019-10-19', 1),
(117, 'ARBITEL-H', '12', 5, 'U7675', '2019-10-19', 1),
(118, 'ARGYROL 0.5% 20ML GOUTTES NASALE', '3', 5, 'U7675', '2019-10-19', 1),
(119, 'ARGYROL 1% 20ML GOUTTES NASALE', '3', 5, 'U7675', '2019-10-19', 1),
(120, 'ARGYROPHEDRINE 0.5% GOUTTE NASALE', '3', 5, 'U7675', '2019-10-19', 1),
(121, 'ARILITE TABS (ORAL REHYDRATION SALTS EFFER)', '12', 5, 'U7675', '2019-10-19', 1),
(122, 'ARTANE 5MG', '12', 5, 'U7675', '2019-10-19', 1),
(123, 'ARTEMETHER 20MG & LUMEFANTRINE 120MG 24\'S', '7', 5, 'U7675', '2019-10-19', 1),
(124, 'ASCABIOL SOL 125ML', '3', 5, 'U7675', '2019-10-19', 1),
(125, 'ASCORIL SYRUP', '3', 5, 'U7675', '2019-10-19', 1),
(126, 'ASOMEX 5MG TAB', '12', 5, 'U7675', '2019-10-19', 1),
(127, 'ASOMEX-LT (S-AMLODIPINE & LOSARTAN) 5MG TAB', '12', 5, 'U7675', '2019-10-19', 1),
(128, 'ASPEGIC 1000 MG SACHET', '10', 5, 'U7675', '2019-10-19', 1),
(129, 'ASPEGIC 100MG SACHET', '10', 5, 'U7675', '2019-10-19', 1),
(130, 'ASPEGIC INJ 1GM', '1', 5, 'U7675', '2019-10-19', 1),
(131, 'ASPEGIC INJ 500 MG', '1', 5, 'U7675', '2019-10-19', 1),
(132, 'ASPEGIC SACHET 250MG', '10', 5, 'U7675', '2019-10-19', 1),
(133, 'ASPEGIC SACHET 500 MG', '10', 5, 'U7675', '2019-10-19', 1),
(134, 'ASPIRIN 75MG VRAC', '12', 5, 'U7675', '2019-10-19', 1),
(135, 'ASPIRIN CARDIO 100 MG', '12', 5, 'U7675', '2019-10-19', 1),
(136, 'ASPIRINE  100MG VRAC', '12', 5, 'U7675', '2019-10-19', 1),
(137, 'ASPIRINE  300MG VRAC', '12', 5, 'U7675', '2019-10-19', 1),
(138, 'ASPIRINE  500MG VRAC', '12', 5, 'U7675', '2019-10-19', 1),
(139, 'ASPIRINE 100MG BAYER CPR', '12', 5, 'U7675', '2019-10-19', 1),
(140, 'ASPIRINE 500MG BAYER S/F', '12', 5, 'U7675', '2019-10-19', 1),
(141, 'ASPIRINE BAYER 100MG CPR', '12', 5, 'U7675', '2019-10-19', 1),
(142, 'ASPIRINE EFFERV. 1TUBE (UPSA)', '13', 5, 'U7675', '2019-10-19', 1),
(143, 'ASTHALIN(SALBUTAMOL SPRAY)', '3', 5, 'U7675', '2019-10-19', 1),
(144, 'ATARAX 25 MG CPR', '12', 5, 'U7675', '2019-10-19', 1),
(145, 'ATENOL 50MG', '12', 5, 'U7675', '2019-10-19', 1),
(146, 'ATENOL 100MG', '12', 5, 'U7675', '2019-10-19', 1),
(147, 'ATENOLOL  50 MG DENK', '12', 5, 'U7675', '2019-10-19', 1),
(148, 'ATENOLOL  50MG CPR', '12', 5, 'U7675', '2019-10-19', 1),
(149, 'ATENOLOL 100 MG CPR', '12', 5, 'U7675', '2019-10-19', 1),
(150, 'ATENOLOL 25 MG', '12', 5, 'U7675', '2019-10-19', 1),
(151, 'ATORVASTATIN  10MG  CPR', '12', 5, 'U7675', '2019-10-19', 1),
(152, 'ATORVASTATIN (LOLIP) 10MG  CPR', '12', 5, 'U7675', '2019-10-19', 1),
(153, 'ATORVASTATIN (LOLIP) 20MG  CPR', '12', 5, 'U7675', '2019-10-19', 1),
(154, 'ATRICAN 250MG BT 8', '12', 5, 'U7675', '2019-10-19', 1),
(155, 'ATROPINE  0.5% COLLYRE', '3', 5, 'U7675', '2019-10-19', 1),
(156, 'ATROPINE  INJ', '1', 5, 'U7675', '2019-10-19', 1),
(157, 'ATROPINE 1% COLLYRE (EU)', '3', 5, 'U7675', '2019-10-19', 1),
(158, 'ATROPINE 1% COLLYRE (GENERIQUE)', '3', 5, 'U7675', '2019-10-19', 1),
(159, 'AUGMENTIN 1GR/200ML 1AMP.SANS SOLV', '1', 5, 'U7675', '2019-10-19', 1),
(160, 'AUGMENTIN 500MG/62.5MG', '12', 5, 'U7675', '2019-10-19', 1),
(161, 'AUGMENTIN SIROP FL 30ML', '3', 5, 'U7675', '2019-10-19', 1),
(162, 'AUGMENTIN SYRUP FL 60ML', '3', 5, 'U7675', '2019-10-19', 1),
(163, 'AUGPEN 1.2GM IV', '1', 5, 'U7675', '2019-10-19', 1),
(164, 'AUGPEN 625MG', '12', 5, 'U7675', '2019-10-19', 1),
(165, 'AUREOMYCINE PDE 15 GM', '13', 5, 'U7675', '2019-10-19', 1),
(166, 'AVAMYS SPRAY 120 DOSES', '3', 5, 'U7675', '2019-10-19', 1),
(167, 'AVASTATIN (ATORVASTATIN) 10 MG', '12', 5, 'U7675', '2019-10-19', 1),
(168, 'AVENT TETINE NOURR.0M/2 ', '3', 5, 'U7675', '2019-10-19', 1),
(169, 'AVENT TETINE SLOW 1M-2T', '3', 5, 'U7675', '2019-10-19', 1),
(170, 'AVODART (DUTASTERIDE) 0.5MG', '12', 5, 'U7675', '2019-10-19', 1),
(171, 'AZANTAC 150MG EFFERV 2X15\'S', '7', 5, 'U7675', '2019-10-19', 1),
(172, 'AZANTAC 300 MG EFFERV BT', '7', 5, 'U7675', '2019-10-19', 1),
(173, 'AZANTAC 75 MG EFFERVESCENT ', '12', 5, 'U7675', '2019-10-19', 1),
(174, 'AZITHROMYCIN 500 MG BT 3', '7', 5, 'U7675', '2019-10-19', 1),
(175, 'AZITHROMYCINE  SIROP 15ML (ZITHROCARE)', '3', 5, 'U7675', '2019-10-19', 1),
(176, 'AZITHROMYCINE 200MG/5ML 30ML SP', '3', 5, 'U7675', '2019-10-19', 1),
(177, 'AZITHROMYCINE 500 MG (AZZY) BT 3', '7', 5, 'U7675', '2019-10-19', 1),
(178, 'AZITHROMYCINE 500 MG (ORTIZA) BT 3', '7', 5, 'U7675', '2019-10-19', 1),
(179, 'AZITHROMYCINE 500MG (AZIFAST) BT 3', '7', 5, 'U7675', '2019-10-19', 1),
(180, 'BABYHALER TRADE PACK', '9', 5, 'U7675', '2019-10-19', 1),
(181, 'BACICOLINE COLLYRE', '3', 5, 'U7675', '2019-10-19', 1),
(182, 'BACLOFEN 10MG CPR', '12', 5, 'U7675', '2019-10-19', 1),
(183, 'BACTOPOUMON SP', '3', 5, 'U7675', '2019-10-19', 1),
(184, 'BACTOX 500 MG CAPS', '4', 5, 'U7675', '2019-10-19', 1),
(185, 'BACTOX SP 250MG/5ML 12 DOSES', '3', 5, 'U7675', '2019-10-19', 1),
(186, 'BACTRIM 480 ( EUROPE)', '12', 5, 'U7675', '2019-10-19', 1),
(187, 'BACTRIM 960MG BT 10', '7', 5, 'U7675', '2019-10-19', 1),
(188, 'BACTRIM SP 100 ML', '3', 5, 'U7675', '2019-10-19', 1),
(189, 'BACTROBAN CREAM(MUPIROCIN)', '13', 5, 'U7675', '2019-10-19', 1),
(190, 'BAND AID (STRIPS STANDARD)', '9', 5, 'U7675', '2019-10-19', 1),
(191, 'BANDE DE GAZ 7.5 CM X 3.6 M', '9', 5, 'U7675', '2019-10-19', 1),
(192, 'BANDE DE GAZ 10 CM X4.5 CM', '9', 5, 'U7675', '2019-10-19', 1),
(193, 'BANDE ELASTIQUE 10CM', '9', 5, 'U7675', '2019-10-19', 1),
(194, 'BANDE ELASTIQUE 15CM', '9', 5, 'U7675', '2019-10-19', 1),
(195, 'BANDE ELASTIQUE 7.5CM', '9', 5, 'U7675', '2019-10-19', 1),
(196, 'BANDE PLATREE 15CM X 4M', '9', 5, 'U7675', '2019-10-19', 1),
(197, 'BANDELETTE CODE FREE B/50', '13', 5, 'U7675', '2019-10-19', 1),
(198, 'BEBE DOU', '7', 5, 'U7675', '2019-10-19', 1),
(199, 'BECLO-ASMA 250MCG 200DOSES', '3', 5, 'U7675', '2019-10-19', 1),
(200, 'BECLOMETHASONE INHALER 200 MCG', '3', 5, 'U7675', '2019-10-19', 1),
(201, 'BECOACTIN 200 ML', '3', 5, 'U7675', '2019-10-19', 1),
(202, 'BECOACTIN 4 MG CPR', '12', 5, 'U7675', '2019-10-19', 1),
(203, 'BECONASE SPRAY 50MCG/DOSE 200 DOSES', '3', 5, 'U7675', '2019-10-19', 1),
(204, 'BECOZYME CPR', '12', 5, 'U7675', '2019-10-19', 1),
(205, 'BEKRACINE 200MG TAB', '12', 5, 'U7675', '2019-10-19', 1),
(206, 'BEKRACINE SUSP (CEFIXIME 100MG/5ML) 60ML', '3', 5, 'U7675', '2019-10-19', 1),
(207, 'BEKRAZOL 200MG/5ML 10ML', '3', 5, 'U7675', '2019-10-19', 1),
(208, 'BEKRAZOL 400MG 1TAB', '7', 5, 'U7675', '2019-10-19', 1),
(209, 'BENELUXE (DUREX)', '7', 5, 'U7675', '2019-10-19', 1),
(210, 'BENERVA 300 MG CPR', '12', 5, 'U7675', '2019-10-19', 1),
(211, 'BENZATHINE PENICILLIN 4.5 MEGA INJ', '1', 5, 'U7675', '2019-10-19', 1),
(212, 'BENZYL  PENICILLINE  1 MEGA', '1', 5, 'U7675', '2019-10-19', 1),
(213, 'BENZYL BENZOATE 100ML', '3', 5, 'U7675', '2019-10-19', 1),
(214, 'BENZYL BENZOATE 100ML (BIOSCAB)', '3', 5, 'U7675', '2019-10-19', 1),
(215, 'BENZYL PENICILLIN 5 MEGA', '1', 5, 'U7675', '2019-10-19', 1),
(216, 'BEPANTHOL CRÈME 50GM', '13', 5, 'U7675', '2019-10-19', 1),
(217, 'BEPANTHOL CRÈME POUR LES LEVRE', '13', 5, 'U7675', '2019-10-19', 1),
(218, 'BEPANTHOL ONGUENT BEBE 50GM', '13', 5, 'U7675', '2019-10-19', 1),
(219, 'BEST LADIES', '7', 5, 'U7675', '2019-10-19', 1),
(220, 'BETADINE  10% BUCCALE 125 ML', '3', 5, 'U7675', '2019-10-19', 1),
(221, 'BETADINE  SOL. DERMIQUE', '3', 5, 'U7675', '2019-10-19', 1),
(222, 'BETADINE OINTMENT 40 GM', '13', 5, 'U7675', '2019-10-19', 1),
(223, 'BETADINE SOL.VAGINALE', '3', 5, 'U7675', '2019-10-19', 1),
(224, 'BETAMETASONE COLLYRE/OTIQUE/NASAL', '3', 5, 'U7675', '2019-10-19', 1),
(225, 'BETAMETASONE (UNIBET)', '13', 5, 'U7675', '2019-10-19', 1),
(226, 'BETAMETHASONE (DAWAVATE)', '13', 5, 'U7675', '2019-10-19', 1),
(227, 'BETAMETHASONE-NEOMYCINE(MELOSTONE)CREAM', '13', 5, 'U7675', '2019-10-19', 1),
(228, 'BETAPYN CPR', '12', 5, 'U7675', '2019-10-19', 1),
(229, 'BETASERC 8MG', '12', 5, 'U7675', '2019-10-19', 1),
(230, 'BET-CODERM-N CREAM', '13', 5, 'U7675', '2019-10-19', 1),
(231, 'BETNEVAL CRÈME 10 GM', '13', 5, 'U7675', '2019-10-19', 1),
(232, 'BETNEVAL CRÈME 30 GM', '13', 5, 'U7675', '2019-10-19', 1),
(233, 'BETNEVAL PDE 10 GM', '13', 5, 'U7675', '2019-10-19', 1),
(234, 'BETNEVAL PDE 30 GM', '13', 5, 'U7675', '2019-10-19', 1),
(235, 'BETOPTIC 5MLCOLLYRE', '3', 5, 'U7675', '2019-10-19', 1),
(236, 'BIBERON 150ML (CAMERA)', '7', 5, 'U7675', '2019-10-19', 1),
(237, 'BIBERON 250ML (CAMERA)', '7', 5, 'U7675', '2019-10-19', 1),
(238, 'BIBERON 250ML (MAZAANA)', '7', 5, 'U7675', '2019-10-19', 1),
(239, 'BIBERON AVENT 125ML S/BPA', '7', 5, 'U7675', '2019-10-19', 1),
(240, 'BIBERON AVENT 9 OZ (260ML) BLUE PACK-SCF BT 2', '7', 5, 'U7675', '2019-10-19', 1),
(241, 'BIBERON AVENT EN PES BPA-FREE 330ML ', '7', 5, 'U7675', '2019-10-19', 1),
(242, 'BICARBONATE DE SOUDE 100 GM', '7', 5, 'U7675', '2019-10-19', 1),
(243, 'BICARBONATE DE SOUDE 50GM ', '7', 5, 'U7675', '2019-10-19', 1),
(244, 'BILAXTENE TAB 20MG', '12', 5, 'U7675', '2019-10-19', 1),
(245, 'BIOCOF SP', '3', 5, 'U7675', '2019-10-19', 1),
(246, 'BIO-OIL SKINCARE 60ML', '3', 5, 'U7675', '2019-10-19', 1),
(247, 'BIOTOL HAND SANITIZER 100ML', '3', 5, 'U7675', '2019-10-19', 1),
(248, 'BIPROFENID 100 MG CPR', '12', 5, 'U7675', '2019-10-19', 1),
(249, 'BIPROFENID 150 MG ORALE  CPR', '12', 5, 'U7675', '2019-10-19', 1),
(250, 'BISACODYL 10 MG CPR', '12', 5, 'U7675', '2019-10-19', 1),
(251, 'BISEPTINE  100ML', '3', 5, 'U7675', '2019-10-19', 1),
(252, 'BISEPTINE  250ML', '3', 5, 'U7675', '2019-10-19', 1),
(253, 'BISOLVON  CPR', '12', 5, 'U7675', '2019-10-19', 1),
(254, 'BISOLVON  SP 100ML', '3', 5, 'U7675', '2019-10-19', 1),
(255, 'BISTOURI  G22', '9', 5, 'U7675', '2019-10-19', 1),
(256, 'BISTOURI  STERILISABLE', '9', 5, 'U7675', '2019-10-19', 1),
(257, 'BISTOURI G23', '9', 5, 'U7675', '2019-10-19', 1),
(258, 'BISTOURI G24', '9', 5, 'U7675', '2019-10-19', 1),
(259, 'BLEU DE METHYLENE 2% 20ML', '3', 5, 'U7675', '2019-10-19', 1),
(260, 'BLOOD LANCETS B/100', '7', 5, 'U7675', '2019-10-19', 1),
(261, 'BONJOUR PAMPERS MIDI 4-9 KG 114\'S', '7', 5, 'U7675', '2019-10-19', 1),
(262, 'BRAMESTON (BROMOCRIPTINE) 2.5 MG', '12', 5, 'U7675', '2019-10-19', 1),
(263, 'BREAST PADS AVENT BT 20', '7', 5, 'U7675', '2019-10-19', 1),
(264, 'BRIGHT TOOTHPASTE', '13', 5, 'U7675', '2019-10-19', 1),
(265, 'BRONCALENE  SIROP ADULTE', '3', 5, 'U7675', '2019-10-19', 1),
(266, 'BRONCALENE  SIROP ENFANT', '3', 5, 'U7675', '2019-10-19', 1),
(267, 'BRONCATHIOL  SIROP ADULTE', '3', 5, 'U7675', '2019-10-19', 1),
(268, 'BRONCATHIOL  SIROP ENFANT/NOURR 125ML', '3', 5, 'U7675', '2019-10-19', 1),
(269, 'BRONQUIDIAZINA SP', '3', 5, 'U7675', '2019-10-19', 1),
(270, 'BRUFEN 400MG  CPR', '12', 5, 'U7675', '2019-10-19', 1),
(271, 'BRUFEN SIROP', '3', 5, 'U7675', '2019-10-19', 1),
(272, 'BURN CUR', '13', 5, 'U7675', '2019-10-19', 1),
(273, 'BURNEM GEL', '13', 5, 'U7675', '2019-10-19', 1),
(274, 'BUSCOPAN  INJ 1 ML', '1', 5, 'U7675', '2019-10-19', 1),
(275, 'BUSCOPAN 10MG CPR', '12', 5, 'U7675', '2019-10-19', 1),
(276, 'BUSCOPAN GEN 10MG (HYOSCINE BUTYLBROMIDE)', '12', 5, 'U7675', '2019-10-19', 1),
(277, 'BUTO-ASMA INHLER 200 DOSES', '3', 5, 'U7675', '2019-10-19', 1),
(278, 'CA C 1GR SANDOZ (CALCIUM +VIT. C) BT10', '13', 5, 'U7675', '2019-10-19', 1),
(279, 'Ca-C 1000 SANDOZ', '7', 5, 'U7675', '2019-10-19', 1),
(280, 'CADISTIN SP 100 ML', '3', 5, 'U7675', '2019-10-19', 1),
(281, 'CAFERGOT  CPR', '12', 5, 'U7675', '2019-10-19', 1),
(282, 'CALAMINE LOTION 100ML', '3', 5, 'U7675', '2019-10-19', 1),
(283, 'CALCID-DENK (CALCIUM 1000MG +VIT. D3 880UI) EFFERV', '7', 5, 'U7675', '2019-10-19', 1),
(284, 'CALCIUM GLUCONATE INJ', '1', 5, 'U7675', '2019-10-19', 1),
(285, 'CALCIUM LACTATE 300 MG S/F', '12', 5, 'U7675', '2019-10-19', 1),
(286, 'CALCIUM LACTATE 300 MG VRAC', '12', 5, 'U7675', '2019-10-19', 1),
(287, 'CALCIUM SANDOZ BT 20', '13', 5, 'U7675', '2019-10-19', 1),
(288, 'CALCIVITA CAPS', '4', 5, 'U7675', '2019-10-19', 1),
(289, 'CAL-C-VITA CPR BT 10', '13', 5, 'U7675', '2019-10-19', 1),
(290, 'CANDEREL BT100', '7', 5, 'U7675', '2019-10-19', 1),
(291, 'CANDEREL BT300', '7', 5, 'U7675', '2019-10-19', 1),
(292, 'CANDIBIOTIC EAR DROP 15ML', '3', 5, 'U7675', '2019-10-19', 1),
(293, 'CANDID  V-1 ( CLOTRIMAZOLE 500MG ) OVULE', '7', 5, 'U7675', '2019-10-19', 1),
(294, 'CANDID B CRÈME 15 GM', '13', 5, 'U7675', '2019-10-19', 1),
(295, 'CANDID CREAM 20 GM', '13', 5, 'U7675', '2019-10-19', 1),
(296, 'CANDID MOUTH SOLUTION 15 ML', '3', 5, 'U7675', '2019-10-19', 1),
(297, 'CANDID POWDER 30 GM', '7', 5, 'U7675', '2019-10-19', 1),
(298, 'CANDID V GEL 30GM', '13', 5, 'U7675', '2019-10-19', 1),
(299, 'CANDID V-2( VAGINAL) OVULE', '7', 5, 'U7675', '2019-10-19', 1),
(300, 'CANDID V-3 ( VAGINAL) OVULE', '7', 5, 'U7675', '2019-10-19', 1),
(301, 'CANDID V-6 (VAGINAL) OVULE', '7', 5, 'U7675', '2019-10-19', 1),
(302, 'CANDID V3 CPR', '7', 5, 'U7675', '2019-10-19', 1),
(303, 'CANDIDERME CREME', '13', 5, 'U7675', '2019-10-19', 1),
(304, 'CANDIFEM VAGINAL BT 6', '7', 5, 'U7675', '2019-10-19', 1),
(305, 'CANDIZOLE CAPS 150MG (FLUCONAZOLE) BT 1', '7', 5, 'U7675', '2019-10-19', 1),
(306, 'CAOLA BROSSE A DENT ENFANT', '9', 5, 'U7675', '2019-10-19', 1),
(307, 'CAPTOPRIL  25MG', '12', 5, 'U7675', '2019-10-19', 1),
(308, 'CAPTOPRIL+HCZ DENK 50/25MG CPR', '12', 5, 'U7675', '2019-10-19', 1),
(309, 'CAPTOPRIL-DENK 25MG', '12', 5, 'U7675', '2019-10-19', 1),
(310, 'CARBAMAZEPINE 200MG', '12', 5, 'U7675', '2019-10-19', 1),
(311, 'CARDINOL (ATENOLOL) 100MG', '12', 5, 'U7675', '2019-10-19', 1),
(312, 'CARDINOL (ATENOLOL) 50 MG', '12', 5, 'U7675', '2019-10-19', 1),
(313, 'CARDIOASPIRINE  100MG CPR', '12', 5, 'U7675', '2019-10-19', 1),
(314, 'CARDISPIN (ASPIRINE) 75MG', '12', 5, 'U7675', '2019-10-19', 1),
(315, 'CARDIURINE CPR', '12', 5, 'U7675', '2019-10-19', 1),
(316, 'CARTIL FORTE CPR', '12', 5, 'U7675', '2019-10-19', 1),
(317, 'CARVEDILOL 12.5 MG', '12', 5, 'U7675', '2019-10-19', 1),
(318, 'CARVEDILOL 6.25 MG', '12', 5, 'U7675', '2019-10-19', 1),
(319, 'CARVEDILOL DENK 6.25 MG', '12', 5, 'U7675', '2019-10-19', 1),
(320, 'CARVEDILOL DENK 25 MG', '12', 5, 'U7675', '2019-10-19', 1),
(321, 'CARVEDILOL EG 6.25MG', '12', 5, 'U7675', '2019-10-19', 1),
(322, 'CARYL COUGH EXPECTORANT', '3', 5, 'U7675', '2019-10-19', 1),
(323, 'CATACOL COLLYRE 10 ML', '3', 5, 'U7675', '2019-10-19', 1),
(324, 'CATAPRESSAN 0,15MG  CPR', '12', 5, 'U7675', '2019-10-19', 1),
(325, 'CATETHER  G18', '9', 5, 'U7675', '2019-10-19', 1),
(326, 'CATETHER  G20', '9', 5, 'U7675', '2019-10-19', 1),
(327, 'CATETHER  G22', '9', 5, 'U7675', '2019-10-19', 1),
(328, 'CATETHER G24', '9', 5, 'U7675', '2019-10-19', 1),
(329, 'CEAGRA 50MG (SILDENAFIL)', '12', 5, 'U7675', '2019-10-19', 1),
(330, 'CEDOCARD 10MG ', '12', 5, 'U7675', '2019-10-19', 1),
(331, 'CEDOCARD 5MG', '12', 5, 'U7675', '2019-10-19', 1),
(332, 'CEF-OD (CEFIXIME) SUSPENSION 100MG/5ML 90ML', '3', 5, 'U7675', '2019-10-19', 1),
(333, 'CEFIXIME 100MG ', '12', 5, 'U7675', '2019-10-19', 1),
(334, 'CEFIXIME 200MG ', '12', 5, 'U7675', '2019-10-19', 1),
(335, 'CEFOTAXIME 1GM INJ 3ML', '1', 5, 'U7675', '2019-10-19', 1),
(336, 'CEFTRIAXONE  INJ', '1', 5, 'U7675', '2019-10-19', 1),
(337, 'CEFTYL CEFUTOXIME 250 MG', '12', 5, 'U7675', '2019-10-19', 1),
(338, 'CEFTYL CEFUTOXIME 250 MG', '12', 5, 'U7675', '2019-10-19', 1),
(339, 'CEFUROXIME (ALTACEF) 500 MG', '12', 5, 'U7675', '2019-10-19', 1),
(340, 'CEFUROXIME (C-TRI) 500 MG', '12', 5, 'U7675', '2019-10-19', 1),
(341, 'CEFUROXIME 500MG (CORTUM) CPR', '12', 5, 'U7675', '2019-10-19', 1),
(342, 'CELESTAMINE CPR', '12', 5, 'U7675', '2019-10-19', 1),
(343, 'CELESTENE 2 GM CPR', '12', 5, 'U7675', '2019-10-19', 1),
(344, 'CELESTENE GOUTTE', '3', 5, 'U7675', '2019-10-19', 1),
(345, 'CELESTONE 0.5MG/ML GOUTTES 30ML', '3', 5, 'U7675', '2019-10-19', 1),
(346, 'CELZA CPR (CEFUROXIME AXETIL 500 MG)', '12', 5, 'U7675', '2019-10-19', 1),
(347, 'CEREALES DIASTASEES', '7', 5, 'U7675', '2019-10-19', 1),
(348, 'CEREALES LACTEES BLE BISCUITE 250 GM', '7', 5, 'U7675', '2019-10-19', 1),
(349, 'CEREALES LACTEES BLE FRUIT', '7', 5, 'U7675', '2019-10-19', 1),
(350, 'CEREALES LACTEES BLE MIEL', '7', 5, 'U7675', '2019-10-19', 1),
(351, 'CEREALES LACTEES RIZ FRUIT', '7', 5, 'U7675', '2019-10-19', 1),
(352, 'CEREALES LACTEES RIZ MIEL', '7', 5, 'U7675', '2019-10-19', 1),
(353, 'CERELAC 200GM 6-36 MONTHS', '7', 5, 'U7675', '2019-10-19', 1),
(354, 'CERELAC FARINE BISCUITEE 4M 400GM', '7', 5, 'U7675', '2019-10-19', 1),
(355, 'CERULYX OPL 10 ML', '3', 5, 'U7675', '2019-10-19', 1),
(356, 'CETAVLON CRÈME 80GM', '13', 5, 'U7675', '2019-10-19', 1),
(357, 'CETIRIZINE 10 MG CPR', '12', 5, 'U7675', '2019-10-19', 1),
(358, 'CETIRIZINE SP 60ML', '3', 5, 'U7675', '2019-10-19', 1),
(359, 'CHIBRO-CADRON COLLYRE', '3', 5, 'U7675', '2019-10-19', 1),
(360, 'CHIBROXINE 0.3% EYE DROP', '3', 5, 'U7675', '2019-10-19', 1),
(361, 'CHLORAMINE T 500MG', '12', 5, 'U7675', '2019-10-19', 1),
(362, 'CHLORAMPHENICOL  500 MG INJ', '1', 5, 'U7675', '2019-10-19', 1),
(363, 'CHLORAMPHENICOL  COLLYRE', '3', 5, 'U7675', '2019-10-19', 1),
(364, 'CHLORAMPHENICOL  OTIQUE', '3', 5, 'U7675', '2019-10-19', 1),
(365, 'CHLORAMPHENICOL  SIROP 100 ML', '3', 5, 'U7675', '2019-10-19', 1),
(366, 'CHLORAMPHENICOL CAPS 250MG S/F', '4', 5, 'U7675', '2019-10-19', 1),
(367, 'CHLORAMPHENICOL INJ 1 GM', '1', 5, 'U7675', '2019-10-19', 1),
(368, 'CHLORHEXEDINE 1.5%+ CETRIMIDE BP 15% W/V 1L', '7', 5, 'U7675', '2019-10-19', 1),
(369, 'CHLORPHENIRAMINE 4MG S/F', '12', 5, 'U7675', '2019-10-19', 1),
(370, 'CHLORPHENIRAMINE 4MG VRAC', '12', 5, 'U7675', '2019-10-19', 1),
(371, 'CHLORPHENIRAMINE SP 100 ML', '3', 5, 'U7675', '2019-10-19', 1),
(372, 'CHLORPHENIRAMINE SP 60 ML', '3', 5, 'U7675', '2019-10-19', 1),
(373, 'CHLORPROMAZINE  25MG', '12', 5, 'U7675', '2019-10-19', 1),
(374, 'CHLORPROMAZINE  INJ', '1', 5, 'U7675', '2019-10-19', 1),
(375, 'CHROMIC  CATGUT 2/0', '9', 5, 'U7675', '2019-10-19', 1),
(376, 'CHROMIC  CATGUT 3/0 ', '9', 5, 'U7675', '2019-10-19', 1),
(377, 'CHYMORAL FORTE (TRYPSIN-CHYMOTRYPSIN) TAB', '12', 5, 'U7675', '2019-10-19', 1),
(378, 'CIALIS 20 MG', '12', 5, 'U7675', '2019-10-19', 1),
(379, 'CIFRAN 1000MG', '12', 5, 'U7675', '2019-10-19', 1),
(380, 'CIMETIDINE 200MG INJ', '1', 5, 'U7675', '2019-10-19', 1),
(381, 'CIMETIDINE 400 MG CPR', '12', 5, 'U7675', '2019-10-19', 1),
(382, 'CINNARIZINE 25MG', '12', 5, 'U7675', '2019-10-19', 1),
(383, 'CINNARIZINE 75MG', '12', 5, 'U7675', '2019-10-19', 1),
(384, 'CIPROFLOXACIN 0.3% COLLYRE', '3', 5, 'U7675', '2019-10-19', 1),
(385, 'CIPROFLOXACIN 0.3% COLLYRE GENERIQUE', '3', 5, 'U7675', '2019-10-19', 1),
(386, 'CIPROFLOXACIN 200 MG INJ 100 ML', '1', 5, 'U7675', '2019-10-19', 1),
(387, 'CIPROFLOXACIN 500 MG DENK BT 10', '7', 5, 'U7675', '2019-10-19', 1),
(388, 'CIPROFLOXACINE 500MG', '12', 5, 'U7675', '2019-10-19', 1),
(389, 'CIPRONAT 250 MG PACK 14', '7', 5, 'U7675', '2019-10-19', 1),
(390, 'CIPRONAT 500 MG PACK 14', '7', 5, 'U7675', '2019-10-19', 1),
(391, 'CIPRONAT 750 MG PACK 14', '7', 5, 'U7675', '2019-10-19', 1),
(392, 'CIPRO-TROGE 500MG  BT 10', '7', 5, 'U7675', '2019-10-19', 1),
(393, 'CITRIFIZZ (VITAMIN C 1000MG EFFERV.) BT 20', '13', 5, 'U7675', '2019-10-19', 1),
(394, 'CITRO SODA 60G BOTTLE', '3', 5, 'U7675', '2019-10-19', 1),
(395, 'CITRO-SODA SACHET', '10', 5, 'U7675', '2019-10-19', 1),
(396, 'CLAMOXYL 125MG/5ML', '3', 5, 'U7675', '2019-10-19', 1),
(397, 'CLAMOXYL 1GM CPR DISP', '12', 5, 'U7675', '2019-10-19', 1),
(398, 'CLAMOXYL 250MG/5ML', '3', 5, 'U7675', '2019-10-19', 1),
(399, 'CLAMOXYL 500 MG CAPS B/12', '4', 5, 'U7675', '2019-10-19', 1),
(400, 'CLANOXY-625MG CPR', '12', 5, 'U7675', '2019-10-19', 1),
(401, 'CLARITHROMYCINE 250MG', '12', 5, 'U7675', '2019-10-19', 1),
(402, 'CLARITHROMYCINE 500MG', '12', 5, 'U7675', '2019-10-19', 1),
(403, 'CLARITHROMYCINE 500MG (ACEM)', '12', 5, 'U7675', '2019-10-19', 1),
(404, 'CLARITYNE  CPR', '12', 5, 'U7675', '2019-10-19', 1),
(405, 'CLARITYNE SYRUP 60ML', '3', 5, 'U7675', '2019-10-19', 1),
(406, 'CLEDOMOX-COAMOXICLAV 625 MG', '12', 5, 'U7675', '2019-10-19', 1),
(407, 'CLOFAINS BT10', '7', 5, 'U7675', '2019-10-19', 1),
(408, 'CLOMID 50MG CPR', '12', 5, 'U7675', '2019-10-19', 1),
(409, 'CLOTRI-DENK 1% CRÈME (CLOTRIMAZOLE)', '13', 5, 'U7675', '2019-10-19', 1),
(410, 'CLOTRI-DENK 100MG BT6', '7', 5, 'U7675', '2019-10-19', 1),
(411, 'CLOTRIMAZOLE 100 MG BT 6 OVULES', '7', 5, 'U7675', '2019-10-19', 1),
(412, 'CLOTRIMAZOLE 100 MG BT 7 OVULES (IMAZOLE)', '7', 5, 'U7675', '2019-10-19', 1),
(413, 'CLOTRIMAZOLE CRÈME 20 GM', '13', 5, 'U7675', '2019-10-19', 1),
(414, 'CLOTRIMAZOLE MOUTH PAINT', '3', 5, 'U7675', '2019-10-19', 1),
(415, 'CLOTRIMAZOLE PESSARIES', '12', 5, 'U7675', '2019-10-19', 1),
(416, 'CLOTRINE MOUTH PAINT 15ML (CLOTRIMAZOLE)', '3', 5, 'U7675', '2019-10-19', 1),
(417, 'CLOTRINE OVULE (CLOTRIMAZOLE) BT 6', '7', 5, 'U7675', '2019-10-19', 1),
(418, 'CLOTRINE-B CREAM 15GM', '13', 5, 'U7675', '2019-10-19', 1),
(419, 'CLOXACILLIN 250 MG CAPS', '4', 5, 'U7675', '2019-10-19', 1),
(420, 'CLOXACILLIN 250 MG CAPS EUROPE', '4', 5, 'U7675', '2019-10-19', 1),
(421, 'CLOXACILLINE  125MG/5ML 100 ML', '3', 5, 'U7675', '2019-10-19', 1),
(422, 'CLOXACILLINE 500MG CAPS', '4', 5, 'U7675', '2019-10-19', 1),
(423, 'CLOXACILLINE 500MG INJ', '1', 5, 'U7675', '2019-10-19', 1),
(424, 'COARTEM  20/120MG CPR  BT 18', '7', 5, 'U7675', '2019-10-19', 1),
(425, 'COARTEM  20/120MG CPR BT 24', '7', 5, 'U7675', '2019-10-19', 1),
(426, 'COARTEM  20/120MG CPR BT 6', '7', 5, 'U7675', '2019-10-19', 1),
(427, 'COARTEM  20/120MG CPR BT 12', '7', 5, 'U7675', '2019-10-19', 1),
(428, 'COARTEM  80/480 MG', '7', 5, 'U7675', '2019-10-19', 1),
(429, 'COBAR TOOTH BRUSH FOR CHILD', '9', 5, 'U7675', '2019-10-19', 1),
(430, 'COBOR TOOTH BRUSH', '9', 5, 'U7675', '2019-10-19', 1),
(431, 'CODOLIPRANE 400MG BT 16', '7', 5, 'U7675', '2019-10-19', 1),
(432, 'COFTA  CPR', '12', 5, 'U7675', '2019-10-19', 1),
(433, 'COLART CPR BT24(ARTEMETHER LUMEFANTRINE)', '7', 5, 'U7675', '2019-10-19', 1),
(434, 'COLCHICINE 1MG CPR', '12', 5, 'U7675', '2019-10-19', 1),
(435, 'COLD GO BT 4', '7', 5, 'U7675', '2019-10-19', 1),
(436, 'COLD RUB INHALER', '13', 5, 'U7675', '2019-10-19', 1),
(437, 'COLDAMOL-P SP', '3', 5, 'U7675', '2019-10-19', 1),
(438, 'COLDAREST  CPR BT 4', '7', 5, 'U7675', '2019-10-19', 1),
(439, 'COLDCAP CAPS BT 12', '2', 5, 'U7675', '2019-10-19', 1),
(440, 'COLDCAP SYRUP 100 ML', '3', 5, 'U7675', '2019-10-19', 1),
(441, 'COLDEASE CAPS', '2', 5, 'U7675', '2019-10-19', 1),
(442, 'COLDEASE SP 100ML', '3', 5, 'U7675', '2019-10-19', 1),
(443, 'COLDFLU  CAPS', '4', 5, 'U7675', '2019-10-19', 1),
(444, 'COLDOUT E CPR', '12', 5, 'U7675', '2019-10-19', 1),
(445, 'COLGATE ( BROSSE A DENT )', '9', 5, 'U7675', '2019-10-19', 1),
(446, 'COLLU -HEXTRIL 40 ML', '3', 5, 'U7675', '2019-10-19', 1),
(447, 'COLLYRE BLEU LAITER', '3', 5, 'U7675', '2019-10-19', 1),
(448, 'COLOSAR-DENK 100/12.5', '12', 5, 'U7675', '2019-10-19', 1),
(449, 'COLOSAR-DENK 50/12.5', '12', 5, 'U7675', '2019-10-19', 1),
(450, 'COLPOSEPTINE TABS (VAGINAL)', '6', 5, 'U7675', '2019-10-19', 1),
(451, 'COMPRESSE  DE GAZ ABSORBANTE B/100', '7', 5, 'U7675', '2019-10-19', 1),
(452, 'COMPRESSE  STERILE 7.5X7.5', '9', 5, 'U7675', '2019-10-19', 1),
(453, 'COMPRESSE STERILE 10X10', '7', 5, 'U7675', '2019-10-19', 1),
(454, 'CONFIANCE CYCLE', '5', 5, 'U7675', '2019-10-19', 1),
(455, 'CONFIANCE INJ', '1', 5, 'U7675', '2019-10-19', 1),
(456, 'CORDARONE 150MG INJ', '1', 5, 'U7675', '2019-10-19', 1),
(457, 'CORDARONE 200 MG', '12', 5, 'U7675', '2019-10-19', 1),
(458, 'CORONA - ( BROSSE A DENT)', '9', 5, 'U7675', '2019-10-19', 1),
(459, 'CORRECTOL 0.1% COLLYRE', '3', 5, 'U7675', '2019-10-19', 1),
(460, 'CORTANCYL CPR 20 MG', '12', 5, 'U7675', '2019-10-19', 1),
(461, 'CORTANCYL CPR 5 MG', '12', 5, 'U7675', '2019-10-19', 1),
(462, 'CO-TRIMOXAZOLE  SIROP 100ML', '3', 5, 'U7675', '2019-10-19', 1),
(463, 'CO-TRIMOXAZOLE  SIROP 50ML', '3', 5, 'U7675', '2019-10-19', 1),
(464, 'CO-TRIMOXAZOLE  SIROP 60ML', '3', 5, 'U7675', '2019-10-19', 1),
(465, 'CO-TRIMOXAZOLE 480MG  CPR', '12', 5, 'U7675', '2019-10-19', 1),
(466, 'CO-TRIMOXAZOLE 960MG  CPR', '12', 5, 'U7675', '2019-10-19', 1),
(467, 'COTTON  WOOL 100 GM', '7', 5, 'U7675', '2019-10-19', 1),
(468, 'COTTON  WOOL 200 GM', '7', 5, 'U7675', '2019-10-19', 1),
(469, 'COTTON  WOOL 500 GM', '7', 5, 'U7675', '2019-10-19', 1),
(470, 'COTTON WOOL 50 GM', '7', 5, 'U7675', '2019-10-19', 1),
(471, 'COZAAR 50MG', '12', 5, 'U7675', '2019-10-19', 1),
(472, 'CRÈME PROTECTRICE', '13', 5, 'U7675', '2019-10-19', 1),
(473, 'CROMOGLYCATE DE SODIUM 2% COLLYRE', '3', 5, 'U7675', '2019-10-19', 1),
(474, 'CROMSOL COLLYRE', '3', 5, 'U7675', '2019-10-19', 1),
(475, 'CUTACNYL  GEL  10%', '13', 5, 'U7675', '2019-10-19', 1),
(476, 'CUTACNYL  GEL 5% ', '13', 5, 'U7675', '2019-10-19', 1),
(477, 'CYPRO-B PLUS SP 200ML', '3', 5, 'U7675', '2019-10-19', 1),
(478, 'CYPRO-B PLUS TAB', '12', 5, 'U7675', '2019-10-19', 1),
(479, 'CYTOTEC 0.2 MG CPR', '12', 5, 'U7675', '2019-10-19', 1),
(480, 'DACOF DRY COUGH', '3', 5, 'U7675', '2019-10-19', 1),
(481, 'DACOF EXPECTORANT', '3', 5, 'U7675', '2019-10-19', 1),
(482, 'DACOF MUCOLYTIC 100ML', '3', 5, 'U7675', '2019-10-19', 1),
(483, 'DACOF PEDIATRIQUE 100ML', '3', 5, 'U7675', '2019-10-19', 1),
(484, 'DACOLD  CAPS BT 10', '7', 5, 'U7675', '2019-10-19', 1),
(485, 'DACOLD  SYRUP', '3', 5, 'U7675', '2019-10-19', 1),
(486, 'DAFLON 500MG CPR', '12', 5, 'U7675', '2019-10-19', 1),
(487, 'DAFRACLA 1000MG', '12', 5, 'U7675', '2019-10-19', 1),
(488, 'DAFRACLAV 200/28MG SP', '3', 5, 'U7675', '2019-10-19', 1),
(489, 'DAFRACLAV 400/57MG SP', '3', 5, 'U7675', '2019-10-19', 1),
(490, 'DAFRACLAV 500/125', '12', 5, 'U7675', '2019-10-19', 1),
(491, 'DAFRAZOL 20 MG CAPS', '4', 5, 'U7675', '2019-10-19', 1),
(492, 'DAIVONEX 50MCGR/GR PDE 30GR', '13', 5, 'U7675', '2019-10-19', 1),
(493, 'DAKTACORT 15 GM CREAM', '13', 5, 'U7675', '2019-10-19', 1),
(494, 'DAKTARIN 2% 15 GM CREME', '13', 5, 'U7675', '2019-10-19', 1),
(495, 'DAKTARIN ORAL GEL', '13', 5, 'U7675', '2019-10-19', 1),
(496, 'DAKTARIN POWDER', '7', 5, 'U7675', '2019-10-19', 1),
(497, 'DAKTARIN TEINTURE 20MG 30ML', '3', 5, 'U7675', '2019-10-19', 1),
(498, 'DALACIN  T  LOTION', '3', 5, 'U7675', '2019-10-19', 1),
(499, 'DALACIN 150 MG CAPS', '12', 5, 'U7675', '2019-10-19', 1),
(500, 'DALACIN 300 MG CAPS', '4', 5, 'U7675', '2019-10-19', 1),
(501, 'DALAN ALOE VERA CREAM SOAP', '9', 5, 'U7675', '2019-10-19', 1),
(502, 'DALAN MULTI-CARE SOAP MANGO & ALMOND OIL', '9', 5, 'U7675', '2019-10-19', 1),
(503, 'DALAN MULTI-CARE SOAP POMEGRANATE & GRAPE SEED OIL', '9', 5, 'U7675', '2019-10-19', 1),
(504, 'DAONIL  5MG', '12', 5, 'U7675', '2019-10-19', 1),
(505, 'DAWADINE SOLUTION', '3', 5, 'U7675', '2019-10-19', 1),
(506, 'DAWANOL', '12', 5, 'U7675', '2019-10-19', 1),
(507, 'DAWA-SALIC PDE', '13', 5, 'U7675', '2019-10-19', 1),
(508, 'DAZEL KIT', '7', 5, 'U7675', '2019-10-19', 1),
(509, 'DEBRIDAT 100 MG CPR', '12', 5, 'U7675', '2019-10-19', 1),
(510, 'DEBRIDAT BUVABLE ADULT 250 ML', '3', 5, 'U7675', '2019-10-19', 1),
(511, 'DEBRIDAT BUVABLE NURIS. ENF. 125ML', '3', 5, 'U7675', '2019-10-19', 1),
(512, 'DECONTRACTYL  CPR', '12', 5, 'U7675', '2019-10-19', 1),
(513, 'DECONTRACTYL BAUME', '13', 5, 'U7675', '2019-10-19', 1),
(514, 'DEEP HEAT CREAM 35 GM', '13', 5, 'U7675', '2019-10-19', 1),
(515, 'DEEP HEAT PDE 15GM', '13', 5, 'U7675', '2019-10-19', 1),
(516, 'DEEP HEAT SPRAY', '3', 5, 'U7675', '2019-10-19', 1),
(517, 'DEFAL 30 MG', '12', 5, 'U7675', '2019-10-19', 1),
(518, 'DEFAL 6 MG', '12', 5, 'U7675', '2019-10-19', 1),
(519, 'DEFAL GOUTTES ORALES 13ML', '3', 5, 'U7675', '2019-10-19', 1),
(520, 'DELASED CHESTY SP 100 ML', '3', 5, 'U7675', '2019-10-19', 1),
(521, 'DELASED PAEDIATRIC SP 100 ML', '3', 5, 'U7675', '2019-10-19', 1),
(522, 'DENTAL FLOSS ADVANCED TWIN', '7', 5, 'U7675', '2019-10-19', 1),
(523, 'DENTAL FLOSS ADVANCED WAXED', '7', 5, 'U7675', '2019-10-19', 1),
(524, 'DENTAL FLOSS TAPE MINT-W', '7', 5, 'U7675', '2019-10-19', 1),
(525, 'DEPAKINE 200 MG CPR', '12', 5, 'U7675', '2019-10-19', 1),
(526, 'DEPAKINE 500 MG CPR', '12', 5, 'U7675', '2019-10-19', 1),
(527, 'DEPAKINE 57.64 MG/ML 150ML', '3', 5, 'U7675', '2019-10-19', 1),
(528, 'DEPO-MEDROL 40MG INJ', '1', 5, 'U7675', '2019-10-19', 1),
(529, 'DEPO-MEDROL 80MG/2ML', '1', 5, 'U7675', '2019-10-19', 1),
(530, 'DERMALEX  BODY  MILK 250ML', '3', 5, 'U7675', '2019-10-19', 1),
(531, 'DERMALEX  BODY  MILK 500ML', '3', 5, 'U7675', '2019-10-19', 1),
(532, 'DERMOBACTER  125ML', '3', 5, 'U7675', '2019-10-19', 1),
(533, 'DERMOBACTER 300ML', '3', 5, 'U7675', '2019-10-19', 1),
(534, 'DERMOFIX CRÈME 20GM', '13', 5, 'U7675', '2019-10-19', 1),
(535, 'DERMOVATE CRÈME 30GM', '13', 5, 'U7675', '2019-10-19', 1),
(536, 'DESLOR 5 MG', '12', 5, 'U7675', '2019-10-19', 1),
(537, 'DESLORATADINE 5MG (AKEROL)', '12', 5, 'U7675', '2019-10-19', 1),
(538, 'DESLORATADINE 5MG MYLAN PHARMA', '12', 5, 'U7675', '2019-10-19', 1),
(539, 'DESLORATADINE SYRUP 2.5MG/5ML (AKEROL)', '3', 5, 'U7675', '2019-10-19', 1),
(540, 'DETTOL ANTISEPTIC DI 500ML', '3', 5, 'U7675', '2019-10-19', 1),
(541, 'DETTOL ANTISEPTIC DISINFECTANT 125ML', '3', 5, 'U7675', '2019-10-19', 1),
(542, 'DETTOL ANTISEPTIC DISINFECTANT 250ML', '3', 5, 'U7675', '2019-10-19', 1),
(543, 'DETTOL ANTISEPTIC DISINFECTANT 50ML', '3', 5, 'U7675', '2019-10-19', 1),
(544, 'DETTOL JUNIOR 90GM', '9', 5, 'U7675', '2019-10-19', 1),
(545, 'DETTOL LIQUIDE 110 ML', '3', 5, 'U7675', '2019-10-19', 1),
(546, 'DETTOL LIQUIDE 300 ML', '3', 5, 'U7675', '2019-10-19', 1),
(547, 'DETTOL SOAP ACTIVE 90 GM', '7', 5, 'U7675', '2019-10-19', 1),
(548, 'DETTOL SOAP COOL 90GM', '7', 5, 'U7675', '2019-10-19', 1),
(549, 'DETTOL SOAP FRESH 90GM', '7', 5, 'U7675', '2019-10-19', 1),
(550, 'DETTOL SOAP HERBAL 175 GM', '9', 5, 'U7675', '2019-10-19', 1),
(551, 'DETTOL SOAP HERBAL 90 GM', '7', 5, 'U7675', '2019-10-19', 1),
(552, 'DETTOL SOAP NATURAL SOOTHING 90GM', '7', 5, 'U7675', '2019-10-19', 1),
(553, 'DETTOL SOAP ORIGINAL 90GM', '7', 5, 'U7675', '2019-10-19', 1),
(554, 'DETTOL SOAP SENSITIVE 90GM', '7', 5, 'U7675', '2019-10-19', 1),
(555, 'DETTOL SOAP SKINCARE 90GM', '7', 5, 'U7675', '2019-10-19', 1),
(556, 'DEXAGENTA COLLYRE 5ML', '3', 5, 'U7675', '2019-10-19', 1),
(557, 'DEXAMETHASONE + NEOMYCINE EYE/EAR DROPS', '3', 5, 'U7675', '2019-10-19', 1),
(558, 'DEXAMETHASONE INJ', '1', 5, 'U7675', '2019-10-19', 1),
(559, 'DEXAMETHASONE+ GENTAMICINE EYE/EAR DROPS', '3', 5, 'U7675', '2019-10-19', 1),
(560, 'DEXAMETHASONE  0,5MG  VRAC', '12', 5, 'U7675', '2019-10-19', 1),
(561, 'DEXAMETHASONE  COLLYRE', '3', 5, 'U7675', '2019-10-19', 1),
(562, 'DEXONA COLLYRE', '3', 5, 'U7675', '2019-10-19', 1),
(563, 'DEXTROSE  5%', '3', 5, 'U7675', '2019-10-19', 1),
(564, 'DEXTROSE 50%', '3', 5, 'U7675', '2019-10-19', 1),
(565, 'DIABLE   VERT EMPLATRE ', '7', 5, 'U7675', '2019-10-19', 1),
(566, 'DIABLE  VERT POMMADE', '13', 5, 'U7675', '2019-10-19', 1),
(567, 'DIABLE VERT LIQUID', '3', 5, 'U7675', '2019-10-19', 1),
(568, 'DIAMICRON 30 MG', '12', 5, 'U7675', '2019-10-19', 1),
(569, 'DIAMICRON 60MG', '12', 5, 'U7675', '2019-10-19', 1),
(570, 'DIAMOX  250MG', '12', 5, 'U7675', '2019-10-19', 1),
(571, 'DIAZEPAM  5MG CPR', '12', 5, 'U7675', '2019-10-19', 1),
(572, 'DIAZEPAM  INJ', '1', 5, 'U7675', '2019-10-19', 1),
(573, 'DICETEL 50 MG', '12', 5, 'U7675', '2019-10-19', 1),
(574, 'DICLODAY GEL', '13', 5, 'U7675', '2019-10-19', 1),
(575, 'DICLO-DENK 100 MG CPR', '13', 5, 'U7675', '2019-10-19', 1),
(576, 'DICLO-DENK 100MG SUPPO', '11', 5, 'U7675', '2019-10-19', 1),
(577, 'DICLO-DENK 50MG CPR', '12', 5, 'U7675', '2019-10-19', 1),
(578, 'DICLO-DENK 75MG 3ML INJ', '1', 5, 'U7675', '2019-10-19', 1),
(579, 'DICLO-DENK POTASSIUM 75MG 3ML', '1', 5, 'U7675', '2019-10-19', 1),
(580, 'DICLOFENAC (KNAC) 50MG CPR', '12', 5, 'U7675', '2019-10-19', 1),
(581, 'DICLOFENAC (KNAC) 75MG CPR', '12', 5, 'U7675', '2019-10-19', 1),
(582, 'DICLOFENAC 100MG  CPR S/F', '12', 5, 'U7675', '2019-10-19', 1),
(583, 'DICLOFENAC 100MG SUPPO INDIA', '11', 5, 'U7675', '2019-10-19', 1),
(584, 'DICLOFENAC 100MG SUPPO ITALY', '11', 5, 'U7675', '2019-10-19', 1),
(585, 'DICLOFENAC 50MG  CPR S/F', '12', 5, 'U7675', '2019-10-19', 1),
(586, 'DICLOFENAC 50MG VRAC', '12', 5, 'U7675', '2019-10-19', 1),
(587, 'DICLOFENAC 75 MG/3 ML INJ', '1', 5, 'U7675', '2019-10-19', 1),
(588, 'DICLOFENAC COLLYRE', '3', 5, 'U7675', '2019-10-19', 1),
(589, 'DICLOFENAC GEL 1% 20 GM', '13', 5, 'U7675', '2019-10-19', 1),
(590, 'DICLOFENAC GEL 1% 30 GM', '13', 5, 'U7675', '2019-10-19', 1),
(591, 'DICLOMOVE GEL 30GM', '13', 5, 'U7675', '2019-10-19', 1),
(592, 'DICLOPAR  CPR', '12', 5, 'U7675', '2019-10-19', 1),
(593, 'DICYNONE 250 MG CPR', '12', 5, 'U7675', '2019-10-19', 1),
(594, 'DICYNONE 250MG/2ML INJ', '1', 5, 'U7675', '2019-10-19', 1),
(595, 'DICYNONE 500MG CAPS', '4', 5, 'U7675', '2019-10-19', 1),
(596, 'DICYNONE CPR 500 MG', '12', 5, 'U7675', '2019-10-19', 1),
(597, 'DIFRAREL ', '12', 5, 'U7675', '2019-10-19', 1),
(598, 'DIGOXIN 0.25MG S/F', '12', 5, 'U7675', '2019-10-19', 1),
(599, 'DIGOXINE 0.25MG EUROPE', '12', 5, 'U7675', '2019-10-19', 1),
(600, 'DIGOXINE 0.25MG VRAC', '12', 5, 'U7675', '2019-10-19', 1),
(601, 'DILCONEURINE (VIT B1, B6, B12)', '12', 5, 'U7675', '2019-10-19', 1),
(602, 'DIPROLENE POMMADE 0.05% 15G', '13', 5, 'U7675', '2019-10-19', 1),
(603, 'DIPROSALIC PDE 30 GM', '13', 5, 'U7675', '2019-10-19', 1),
(604, 'DIPROSONE CREME 30 GM', '13', 5, 'U7675', '2019-10-19', 1),
(605, 'DIPROSTENE 5 MG/ML INJ', '1', 5, 'U7675', '2019-10-19', 1),
(606, 'DISTEM(METOCARBAMOL + PARACETAMOL)', '12', 5, 'U7675', '2019-10-19', 1),
(607, 'DOGMATIL  50MG CPR', '12', 5, 'U7675', '2019-10-19', 1),
(608, 'DOLIPRANE 100 MG NOUR SUPPO', '11', 5, 'U7675', '2019-10-19', 1),
(609, 'DOLIPRANE 1000MG CPR EFFERV BT 8', '13', 5, 'U7675', '2019-10-19', 1),
(610, 'DOLIPRANE 150 MG J ENF SUPPO', '11', 5, 'U7675', '2019-10-19', 1),
(611, 'DOLIPRANE 200 MG ETUI SACHET', '10', 5, 'U7675', '2019-10-19', 1),
(612, 'DOLIPRANE 200 MG SUPPO', '11', 5, 'U7675', '2019-10-19', 1),
(613, 'DOLIPRANE 300 MG G-ENFANT SUPPO', '11', 5, 'U7675', '2019-10-19', 1),
(614, 'DOLIPRANE 500 MG CPR EFFERV BT 16', '7', 5, 'U7675', '2019-10-19', 1),
(615, 'DOLIPRANE 500 MG CPR EFFERV TB 8', '13', 5, 'U7675', '2019-10-19', 1),
(616, 'DOLIPRANE 500 MG VITAMINE C BT 8', '13', 5, 'U7675', '2019-10-19', 1),
(617, 'DOLIPREX SACHETS BT 8', '7', 5, 'U7675', '2019-10-19', 1),
(618, 'DOLIRHUME 500/30 MG CPR', '12', 5, 'U7675', '2019-10-19', 1),
(619, 'DOLOSPAM CPR', '12', 5, 'U7675', '2019-10-19', 1),
(620, 'DOMPERIDONE 10 MG CPR', '12', 5, 'U7675', '2019-10-19', 1),
(621, 'DOMPERIDONE SP 30 ML', '3', 5, 'U7675', '2019-10-19', 1),
(622, 'DORCO FRESH TOOTH BRUSH (ENFANT)', '9', 5, 'U7675', '2019-10-19', 1),
(623, 'DOVE SAVON AVEC PARFUM', '9', 5, 'U7675', '2019-10-19', 1),
(624, 'DOVESAVON  SANS PARFUM (SENSITIVE SKIN)', '9', 5, 'U7675', '2019-10-19', 1),
(625, 'DOXY DENK 100MG', '12', 5, 'U7675', '2019-10-19', 1),
(626, 'DOXYCYCLINE 100MG  CPR  VRAC', '12', 5, 'U7675', '2019-10-19', 1),
(627, 'DOXYCYCLINE 100MG  CPS S/F', '4', 5, 'U7675', '2019-10-19', 1),
(628, 'DOXYCYCLINE 200MG  BT 8', '7', 5, 'U7675', '2019-10-19', 1),
(629, '', '7', 5, 'U7675', '2019-10-19', 1),
(630, 'DR MAC\'S SP', '3', 5, 'U7675', '2019-10-19', 1),
(631, 'DR SMART TOOTH BRUSH', '9', 5, 'U7675', '2019-10-19', 1),
(632, 'DTS-Z (ORS+ ZINC) BT', '7', 5, 'U7675', '2019-10-19', 1),
(633, 'DUINUM(CLOMIFEN) TAB 50MG', '12', 5, 'U7675', '2019-10-19', 1),
(634, 'DULCOLAX 10MG SUPPO', '11', 5, 'U7675', '2019-10-19', 1),
(635, 'DULCOLAX 5 MG CPR', '12', 5, 'U7675', '2019-10-19', 1),
(636, 'DUOGEL 250ML', '3', 5, 'U7675', '2019-10-19', 1),
(637, 'DUOSKIN CRÈME 15G(ISOCONAZOLE+DUFLUCORT)', '13', 5, 'U7675', '2019-10-19', 1),
(638, 'DUPHALAC SACHET 15ML', '10', 5, 'U7675', '2019-10-19', 1),
(639, 'DUPHALAC SYRUP', '3', 5, 'U7675', '2019-10-19', 1),
(640, 'DUPHASTON  10MG  CPR', '12', 5, 'U7675', '2019-10-19', 1),
(641, 'DURATEARS OPHTALMIC OINTMENT', '3', 5, 'U7675', '2019-10-19', 1),
(642, 'DUXCOSPAN PLUS (PARACETAMOL + HYOCINE BUTHYLBROMID', '12', 5, 'U7675', '2019-10-19', 1),
(643, 'DUSPATALIN 200 MG CAPS', '4', 5, 'U7675', '2019-10-19', 1),
(644, 'DYNAMOGEN 10 ML', '1', 5, 'U7675', '2019-10-19', 1),
(645, 'DYNAPAR QPS PLUS 30ML SPRAY', '3', 5, 'U7675', '2019-10-19', 1),
(646, 'EASCOF SP', '3', 5, 'U7675', '2019-10-19', 1),
(647, 'EAU DE DAKIN FL 0.2% 120ML', '3', 5, 'U7675', '2019-10-19', 1),
(648, 'EAU OXYGENEE 3% 120ML', '3', 5, 'U7675', '2019-10-19', 1),
(649, 'EAU OXYGENEE 3% 200ML', '3', 5, 'U7675', '2019-10-19', 1),
(650, 'EAU OXYGENEE 6% 200 ML', '3', 5, 'U7675', '2019-10-19', 1),
(651, 'EAU POUR INJECTION', '3', 5, 'U7675', '2019-10-19', 1),
(652, 'EAU PRECIEUSE', '3', 5, 'U7675', '2019-10-19', 1),
(653, 'EFFERALGAN  SIROP 90ML', '3', 5, 'U7675', '2019-10-19', 1),
(654, 'EFFERALGAN  VIT. C  BT 8', '13', 5, 'U7675', '2019-10-19', 1),
(655, 'EFFERALGAN 150MG SUPPO', '11', 5, 'U7675', '2019-10-19', 1),
(656, 'EFFERALGAN 300MG SUPPO', '11', 5, 'U7675', '2019-10-19', 1),
(657, 'EFFERALGAN 500 MG TABS 16\'S', '7', 5, 'U7675', '2019-10-19', 1),
(658, 'EFFERALGAN 500 MG EFFERVESCENT CPR', '12', 5, 'U7675', '2019-10-19', 1),
(659, 'EFFERALGAN CODEINE BT8', '13', 5, 'U7675', '2019-10-19', 1),
(660, 'EFFERALGAN CODEINE TABS', '2', 5, 'U7675', '2019-10-19', 1),
(661, 'EFFORTIL 30 ML', '3', 5, 'U7675', '2019-10-19', 1),
(662, 'EFFORTIL CPR', '12', 5, 'U7675', '2019-10-19', 1),
(663, 'ELGYDIUM ANTI-PLAQUE 100 GM', '13', 5, 'U7675', '2019-10-19', 1),
(664, 'ELGYDIUM BAD JUNIOR PCES', '9', 5, 'U7675', '2019-10-19', 1),
(665, 'ELGYDIUM BAD KIDS PCES', '9', 5, 'U7675', '2019-10-19', 1),
(666, 'ELGYDIUM BAD STANDARD HARD ', '9', 5, 'U7675', '2019-10-19', 1),
(667, 'ELGYDIUM BAD STANDARD MEDIUM ', '9', 5, 'U7675', '2019-10-19', 1),
(668, 'ELGYDIUM BAD STANDARD SOUPLE ', '9', 5, 'U7675', '2019-10-19', 1),
(669, 'ELGYDIUM DENTIFRICE BRANCHEUR 75 ML', '13', 5, 'U7675', '2019-10-19', 1),
(670, 'ELGYDIUM DENTIFRICE PROTECTION CARIES 75ML', '13', 5, 'U7675', '2019-10-19', 1),
(671, 'ELGYDIUM DENTIFRICE SENSIBLE', '13', 5, 'U7675', '2019-10-19', 1),
(672, 'ELMEX  ENFANT  < 6ANS: 50 ML', '13', 5, 'U7675', '2019-10-19', 1),
(673, 'ELMEX  JUNIOR  6 - 12 ANS  ', '13', 5, 'U7675', '2019-10-19', 1),
(674, 'ELMEX DENT SENSITIVE 75 ML', '13', 5, 'U7675', '2019-10-19', 1),
(675, 'EMADINE COLLYRE 0.05% 5 ML', '3', 5, 'U7675', '2019-10-19', 1),
(676, 'EMAIL DIAMANT BICARBONATE 50ML', '3', 5, 'U7675', '2019-10-19', 1),
(677, 'EMAIL DIAMANT DENTIFRICE BLANCHEUR 75ML', '13', 5, 'U7675', '2019-10-19', 1),
(678, 'EMAIL DIAMANT LE SECRET DU BLANC', '3', 5, 'U7675', '2019-10-19', 1),
(679, 'EMAIL DIAMANT ROUGE 75ML', '3', 5, 'U7675', '2019-10-19', 1),
(680, 'EMBALLAGE MEDICAMENT', '7', 5, 'U7675', '2019-10-19', 1),
(681, 'EMIGO 4MG INJECTION 2ML', '1', 5, 'U7675', '2019-10-19', 1),
(682, 'EMIGO MD (ONDANSETRON) 4 MG TAB', '12', 5, 'U7675', '2019-10-19', 1),
(683, 'EMIGO MD (ONDANSETRON) SP', '3', 5, 'U7675', '2019-10-19', 1),
(684, 'EMITINO 2ML INJ', '1', 5, 'U7675', '2019-10-19', 1),
(685, 'EMITINO CPR', '12', 5, 'U7675', '2019-10-19', 1),
(686, 'EMITINO SYRUP', '3', 5, 'U7675', '2019-10-19', 1),
(687, 'ENALAPRIL  10MG CPR', '12', 5, 'U7675', '2019-10-19', 1),
(688, 'ENALAPRIL  20MG CPR', '12', 5, 'U7675', '2019-10-19', 1),
(689, 'ENALAPRIL  5MG', '12', 5, 'U7675', '2019-10-19', 1),
(690, 'ENALAPRIL 20MG DENK', '12', 5, 'U7675', '2019-10-19', 1),
(691, 'ENAT 400 (NATURAL VITAMIN E)', '4', 5, 'U7675', '2019-10-19', 1),
(692, 'ENAT CREAM 50GM', '13', 5, 'U7675', '2019-10-19', 1),
(693, 'ENEAS 10/20MG', '12', 5, 'U7675', '2019-10-19', 1),
(694, 'ENGERIX B 10MCG PED', '1', 5, 'U7675', '2019-10-19', 1),
(695, 'ENO FRUIT SALT 5GM', '10', 5, 'U7675', '2019-10-19', 1),
(696, 'ENTAMIZOLE 250/200 MG BT 30', '7', 5, 'U7675', '2019-10-19', 1),
(697, 'ENTAMIZOLE 500/400 MG BT 15', '7', 5, 'U7675', '2019-10-19', 1),
(698, 'ENTAMIZOLE SP 100 ML', '3', 5, 'U7675', '2019-10-19', 1),
(699, 'ENTEZMA PDE 30GM', '13', 5, 'U7675', '2019-10-19', 1),
(700, 'EOSINE SOLUTION 2% 20 ML', '3', 5, 'U7675', '2019-10-19', 1),
(701, 'EPSITRON (CAPTOPRIL) 25 MG CPR', '12', 5, 'U7675', '2019-10-19', 1),
(702, 'ERCEFURYL 200 MG CAPS', '4', 5, 'U7675', '2019-10-19', 1),
(703, 'ERCEFURYL SP  90ML', '12', 5, 'U7675', '2019-10-19', 1),
(704, 'ERECTOR 100MG B/1', '12', 5, 'U7675', '2019-10-19', 1),
(705, 'ERECTOR 100MG B/4', '12', 5, 'U7675', '2019-10-19', 1),
(706, 'ERECTOR 25MG B/1', '12', 5, 'U7675', '2019-10-19', 1),
(707, 'ERECTOR 50MG B/1', '12', 5, 'U7675', '2019-10-19', 1),
(708, 'EROSTIN 10MG', '12', 5, 'U7675', '2019-10-19', 1),
(709, 'EROSTIN SP 60ML', '3', 5, 'U7675', '2019-10-19', 1),
(710, 'ERYTHROGEL GEL', '13', 5, 'U7675', '2019-10-19', 1),
(711, 'ERYTHROMCYN 250 MG CPR', '12', 5, 'U7675', '2019-10-19', 1),
(712, 'ERYTHROMICIN EYE OINTMENT 3.5GM', '13', 5, 'U7675', '2019-10-19', 1),
(713, 'ERYTHROMYCINE  SIROP 100ML', '3', 5, 'U7675', '2019-10-19', 1),
(714, 'ESIDREX 25 MG CPR', '12', 5, 'U7675', '2019-10-19', 1),
(715, 'ESOFAG 20MG (ESOMEPRAZOLE)', '12', 5, 'U7675', '2019-10-19', 1),
(716, 'ESOFAG 40MG (ESOMEPRAZOLE)', '12', 5, 'U7675', '2019-10-19', 1),
(717, 'ESOMEPRAZOLE 20 MG', '4', 5, 'U7675', '2019-10-19', 1),
(718, 'ESOMEPRAZOLE 40 MG INJ (NEXCEROL)', '1', 5, 'U7675', '2019-10-19', 1),
(719, 'ESOMEPRAZOLE 40MG', '12', 5, 'U7675', '2019-10-19', 1),
(720, 'ESOMEPRAZOLE 40MG (ESOZ) CPR', '12', 5, 'U7675', '2019-10-19', 1),
(721, 'ESONIUM (ESOMEPRAZOLE) 20 MG CAPS', '4', 5, 'U7675', '2019-10-19', 1),
(722, 'ESONIUM (ESOMEPRAZOLE) 40 MG CAPS', '4', 5, 'U7675', '2019-10-19', 1),
(723, 'ESTRADIOL  INJ', '1', 5, 'U7675', '2019-10-19', 1),
(724, 'ETAMSYLATE 250MG', '12', 5, 'U7675', '2019-10-19', 1),
(725, 'ETHINYL-OESTRADIOL 50 MCG', '12', 5, 'U7675', '2019-10-19', 1),
(726, 'EUCALYPTINE SP 200ML', '3', 5, 'U7675', '2019-10-19', 1),
(727, 'EURAX CREAM 20 GM', '13', 5, 'U7675', '2019-10-19', 1),
(728, 'EVY BABY LINGETTE', '7', 5, 'U7675', '2019-10-19', 1),
(729, 'EVY BABY PAMPEX MAXI (4) 24\'S', '7', 5, 'U7675', '2019-10-19', 1),
(730, 'EVY BABY PAMPEX MIDI (3) 27\'S', '7', 5, 'U7675', '2019-10-19', 1),
(731, 'EVY BABY PAMPEX MINI (2) 32\'S', '7', 5, 'U7675', '2019-10-19', 1),
(732, 'EXOFENE POWDER', '3', 5, 'U7675', '2019-10-19', 1),
(733, 'EXTRADOL  CPR', '12', 5, 'U7675', '2019-10-19', 1),
(734, 'FACE TISSUE NO.JAMPO', '7', 5, 'U7675', '2019-10-19', 1),
(735, 'FASIGYN 500 MG BT 4', '7', 5, 'U7675', '2019-10-19', 1),
(736, 'FAST ACT GEL', '13', 5, 'U7675', '2019-10-19', 1),
(737, 'FASTOPLASTS ', '9', 5, 'U7675', '2019-10-19', 1),
(738, 'FASTUM  GEL 30 GM', '13', 5, 'U7675', '2019-10-19', 1),
(739, 'FASTUM  GEL 50 GM', '13', 5, 'U7675', '2019-10-19', 1),
(740, 'FEBRILEX  SP 150ML', '3', 5, 'U7675', '2019-10-19', 1),
(741, 'FEBRILEX BT 4', '7', 5, 'U7675', '2019-10-19', 1),
(742, 'FEBRILEX JUNIOR SP 150ML', '3', 5, 'U7675', '2019-10-19', 1),
(743, 'FEFOL CAPS', '4', 5, 'U7675', '2019-10-19', 1),
(744, 'FELDENE  SUPPO 20MG', '11', 5, 'U7675', '2019-10-19', 1),
(745, 'FELDENE CAPS 20 MG ', '4', 5, 'U7675', '2019-10-19', 1),
(746, 'FELDENE CAPS 20 MG BT 15', '7', 5, 'U7675', '2019-10-19', 1),
(747, 'FELEXIN 250 MG CAPS', '4', 5, 'U7675', '2019-10-19', 1),
(748, 'FEMIFER SP 200ML', '3', 5, 'U7675', '2019-10-19', 1),
(749, 'FENISTIL 1MG CPR', '12', 5, 'U7675', '2019-10-19', 1),
(750, 'FENISTIL GOUTTE', '3', 5, 'U7675', '2019-10-19', 1),
(751, 'FER + ACIDE FOLIQUE  S/F', '12', 5, 'U7675', '2019-10-19', 1),
(752, 'FER + ACIDE FOLIQUE  VRAC', '12', 5, 'U7675', '2019-10-19', 1),
(753, 'FER SULPHATE 200MG VRAC', '12', 5, 'U7675', '2019-10-19', 1),
(754, 'FERCEFOL 150 ML SP', '3', 5, 'U7675', '2019-10-19', 1),
(755, 'FERCEFOL CPR', '12', 5, 'U7675', '2019-10-19', 1),
(756, 'FERRO-B COMPLEX SP 100ML', '3', 5, 'U7675', '2019-10-19', 1),
(757, 'FERROPLEX SP 100ML', '3', 5, 'U7675', '2019-10-19', 1),
(758, 'FERVEX ADULTE AVEC SUCRE SACHETS', '10', 5, 'U7675', '2019-10-19', 1),
(759, 'FERVEX ADULTE SANS SUCRE SACHETS', '10', 5, 'U7675', '2019-10-19', 1),
(760, 'FERVEX SACHETS ENFANT', '10', 5, 'U7675', '2019-10-19', 1);
INSERT INTO `medical_product` (`product_ID`, `product_Nmae`, `category`, `branch_ID`, `institution_code`, `register_date`, `product_status`) VALUES
(761, 'FEVAROL CPR BT 4', '7', 5, 'U7675', '2019-10-19', 1),
(762, 'FEVAROL SP 100ML', '3', 5, 'U7675', '2019-10-19', 1),
(763, 'FEVRIL SYRUP', '3', 5, 'U7675', '2019-10-19', 1),
(764, 'FIL DE SUTURE NYLON 2/0', '9', 5, 'U7675', '2019-10-19', 1),
(765, 'FLAGENTYL 500 MG BT 4', '7', 5, 'U7675', '2019-10-19', 1),
(766, 'FLAGYL 250MG CPR', '12', 5, 'U7675', '2019-10-19', 1),
(767, 'FLAGYL CPR 500 MG', '12', 5, 'U7675', '2019-10-19', 1),
(768, 'FLAGYL OVULES 500 MG', '6', 5, 'U7675', '2019-10-19', 1),
(769, 'FLAGYL SP 125MG/5ML  120 ML', '3', 5, 'U7675', '2019-10-19', 1),
(770, 'FLAMMAZINE PDE', '13', 5, 'U7675', '2019-10-19', 1),
(771, 'FLEXDOL CPR', '12', 5, 'U7675', '2019-10-19', 1),
(772, 'FLIXONASE SPRAY 120 DOSES', '3', 5, 'U7675', '2019-10-19', 1),
(773, 'FLOGENCYL GEL GINGIVAL', '13', 5, 'U7675', '2019-10-19', 1),
(774, 'FLUCOLDEX  SYRUP', '3', 5, 'U7675', '2019-10-19', 1),
(775, 'FLUCOLDEX CPR BT 12', '7', 5, 'U7675', '2019-10-19', 1),
(776, 'FLUCON  COLLYRE', '3', 5, 'U7675', '2019-10-19', 1),
(777, 'FLUCONAZOLE  100MG CAPS', '12', 5, 'U7675', '2019-10-19', 1),
(778, 'FLUCONAZOLE  200MG', '4', 5, 'U7675', '2019-10-19', 1),
(779, 'FLUCONAZOLE (FLUCAZOL) 50MG/5ML 60ML POWDER', '3', 5, 'U7675', '2019-10-19', 1),
(780, 'FLUCONAZOLE 150MG (FLUTROX)', '12', 5, 'U7675', '2019-10-19', 1),
(781, 'FLUCONAZOLE 150MG (CANDIZOLE)', '12', 5, 'U7675', '2019-10-19', 1),
(782, 'FLUCONAZOLE 150MG B/1', '12', 5, 'U7675', '2019-10-19', 1),
(783, 'FLUDITEC  SIROP ADULTE', '3', 5, 'U7675', '2019-10-19', 1),
(784, 'FLUDITEC  SIROP ENFANT 125ML', '3', 5, 'U7675', '2019-10-19', 1),
(785, 'FLUFED CPR', '12', 5, 'U7675', '2019-10-19', 1),
(786, 'FLUOCARIL  75 ML', '13', 5, 'U7675', '2019-10-19', 1),
(787, 'FLUOCARIL 0-6 PASTE', '13', 5, 'U7675', '2019-10-19', 1),
(788, 'FLUOCARIL 6-12 ANS  JUNIOR', '13', 5, 'U7675', '2019-10-19', 1),
(789, 'FLUOCARIL SPRAY BUCCAL', '3', 5, 'U7675', '2019-10-19', 1),
(790, 'FLUORIDINE TOOTH BRUSH ', '9', 5, 'U7675', '2019-10-19', 1),
(791, 'FLUORODINE ULTRA SENSITIVE 100ML ', '13', 5, 'U7675', '2019-10-19', 1),
(792, 'FLUOXINE CPR 500 MG', '7', 5, 'U7675', '2019-10-19', 1),
(793, 'FLURIFEN 100MG 15COMP', '12', 5, 'U7675', '2019-10-19', 1),
(794, 'FOLAVIT 4MG CPR', '12', 5, 'U7675', '2019-10-19', 1),
(795, 'FORLAX 10 GM SACH', '10', 5, 'U7675', '2019-10-19', 1),
(796, 'FORMOL 37% 120 ML', '3', 5, 'U7675', '2019-10-19', 1),
(797, 'FORMOL 37% 1L', '3', 5, 'U7675', '2019-10-19', 1),
(798, 'FORTALINE 500 MG CAPS', '4', 5, 'U7675', '2019-10-19', 1),
(799, 'FORTALINE HUILE DE POISSON 100ML (OMEGA 3)', '3', 5, 'U7675', '2019-10-19', 1),
(800, 'FRANCE LAIT AR 400G', '7', 5, 'U7675', '2019-10-19', 1),
(801, 'FRANCE LAIT DEUXIEME AGE  400GM', '7', 5, 'U7675', '2019-10-19', 1),
(802, 'FRANCE LAIT PREMIER AGE 400GM', '7', 5, 'U7675', '2019-10-19', 1),
(803, 'FRANCE LAIT PREMIER AGE 900GM', '7', 5, 'U7675', '2019-10-19', 1),
(804, 'FRANCE LAIT PREMIUM 1 (0-6M) 400GM', '7', 5, 'U7675', '2019-10-19', 1),
(805, 'FRANCE LAIT DE CROISSANCE PM 400GM', '7', 5, 'U7675', '2019-10-19', 1),
(806, 'FRANCE LAIT DE CROISSANCE PM 900GM', '7', 5, 'U7675', '2019-10-19', 1),
(807, 'FREESTYLE OPIUM TESTS 50 STRIPS + ALCOHOL SWABS 10', '7', 5, 'U7675', '2019-10-19', 1),
(808, 'FRESUBIN ENERGY FIBER STRAWBERRY 200ML', '3', 5, 'U7675', '2019-10-19', 1),
(809, 'FRESUBIN PROTEIN ENERGY VANILLA 200ML', '3', 5, 'U7675', '2019-10-19', 1),
(810, 'FUCIDINE 250MG  CPR', '12', 5, 'U7675', '2019-10-19', 1),
(811, 'FUCIDINE CREAM 2% 15GM', '13', 5, 'U7675', '2019-10-19', 1),
(812, 'FUCIDINE PDE 2% 15GM', '13', 5, 'U7675', '2019-10-19', 1),
(813, 'FUCITHALMIC PDE OPHT', '13', 5, 'U7675', '2019-10-19', 1),
(814, 'FUNBACT CREAM 30GM', '13', 5, 'U7675', '2019-10-19', 1),
(815, 'FURADANTINE 100MG CAPS', '12', 5, 'U7675', '2019-10-19', 1),
(816, 'FURO-DENK 40MG', '12', 5, 'U7675', '2019-10-19', 1),
(817, 'FUROSEMIDE  40MG  CPR  VRAC', '12', 5, 'U7675', '2019-10-19', 1),
(818, 'FUROSEMIDE INJ 10MG/2ML', '1', 5, 'U7675', '2019-10-19', 1),
(819, 'GABAPENTIN (NEUROBA) 300 MG', '4', 5, 'U7675', '2019-10-19', 1),
(820, 'GABAPENTIN EG 300 MG', '4', 5, 'U7675', '2019-10-19', 1),
(821, 'GABBRORAL 250 MG', '12', 5, 'U7675', '2019-10-19', 1),
(822, 'GALVUS MET 50/500 MG', '12', 5, 'U7675', '2019-10-19', 1),
(823, 'GAMALATE  B6 SP', '12', 5, 'U7675', '2019-10-19', 1),
(824, 'GAMALATE  B6 TAB', '12', 5, 'U7675', '2019-10-19', 1),
(825, 'GANTS  PROPRES 1 PAIRE', '8', 5, 'U7675', '2019-10-19', 1),
(826, 'GANTS STERILE', '9', 5, 'U7675', '2019-10-19', 1),
(827, 'GASTROGRAFIN 100ML ', '3', 5, 'U7675', '2019-10-19', 1),
(828, 'GASTROPULGITE SACHET', '10', 5, 'U7675', '2019-10-19', 1),
(829, 'GAVISCON 200 ML AD SP', '3', 5, 'U7675', '2019-10-19', 1),
(830, 'GAVISCON CPR', '12', 5, 'U7675', '2019-10-19', 1),
(831, 'GEL LARME ', '13', 5, 'U7675', '2019-10-19', 1),
(832, 'GENTAMICINE  OTIQUE & OPHT', '3', 5, 'U7675', '2019-10-19', 1),
(833, 'GENTAMICINE INJ 80 MG/2ML', '1', 5, 'U7675', '2019-10-19', 1),
(834, 'GENTASOL COLLYRE', '3', 5, 'U7675', '2019-10-19', 1),
(835, 'GERMOL 75 GM', '9', 5, 'U7675', '2019-10-19', 1),
(836, 'GINSOMIN CAPS', '4', 5, 'U7675', '2019-10-19', 1),
(837, 'GLIBENCLAMIDE  5MG CPR', '12', 5, 'U7675', '2019-10-19', 1),
(838, 'GLIBENCLAMIDE  5MG CPR VRAC', '12', 5, 'U7675', '2019-10-19', 1),
(839, 'GLIMEPRIDE 2MG DENK ', '12', 5, 'U7675', '2019-10-19', 1),
(840, 'GLIPIZIDE (GLIPISTIN) 5MG', '12', 5, 'U7675', '2019-10-19', 1),
(841, 'GLUCOMETRE CODEFREE', '7', 5, 'U7675', '2019-10-19', 1),
(842, 'GLUCOPHAGE  500MG', '12', 5, 'U7675', '2019-10-19', 1),
(843, 'GLUCOPHAGE  850MG', '12', 5, 'U7675', '2019-10-19', 1),
(844, 'GLYCERINE PHENIQUE', '3', 5, 'U7675', '2019-10-19', 1),
(845, 'GLYCERINE PURE 120 ML-EXPERIENCE', '3', 5, 'U7675', '2019-10-19', 1),
(846, 'GLYCERINE PURE 120 ML-KIPHARMA', '3', 5, 'U7675', '2019-10-19', 1),
(847, 'GLYCERINE SUPPO  ADULTE', '11', 5, 'U7675', '2019-10-19', 1),
(848, 'GLYCERINE SUPPO BEBE', '11', 5, 'U7675', '2019-10-19', 1),
(849, 'GLYCERINE SUPPO  ENFANT', '11', 5, 'U7675', '2019-10-19', 1),
(850, 'GOFEN 400MG ', '4', 5, 'U7675', '2019-10-19', 1),
(851, 'GOOD MORNING CPR', '12', 5, 'U7675', '2019-10-19', 1),
(852, 'GOOD MORNING SP', '3', 5, 'U7675', '2019-10-19', 1),
(853, 'GRAMOCEF-O 200 MG CPR', '12', 5, 'U7675', '2019-10-19', 1),
(854, 'GRAMOCEF-O 50 MG DRY SYRUP', '3', 5, 'U7675', '2019-10-19', 1),
(855, 'GRIPE WATER 100 ML', '3', 5, 'U7675', '2019-10-19', 1),
(856, 'GRISEOFULVINE  250MG  CPR', '12', 5, 'U7675', '2019-10-19', 1),
(857, 'GRISEOFULVINE  500MG  CPR', '12', 5, 'U7675', '2019-10-19', 1),
(858, 'POMMADE GRISEOFULVINE 5% 50GM', '3', 5, 'U7675', '2019-10-19', 1),
(859, 'GROVIT MULTIVITAMIN DROPS 15ML', '3', 5, 'U7675', '2019-10-19', 1),
(860, 'GROVIT SYRUP 100ML', '3', 5, 'U7675', '2019-10-19', 1),
(861, 'GROVIT TAB S/F', '12', 5, 'U7675', '2019-10-19', 1),
(862, 'GTM POWER (CONDOM) 3\'S', '7', 5, 'U7675', '2019-10-19', 1),
(863, 'GYNO-DAKTARIN  200 MG OVULE BT 7', '7', 5, 'U7675', '2019-10-19', 1),
(864, 'GYNO-DAKTARIN  400 MG OVULE BT 3', '7', 5, 'U7675', '2019-10-19', 1),
(865, 'GYNO-DAKTARIN  CRÈME  40 GM', '13', 5, 'U7675', '2019-10-19', 1),
(866, 'GYNOFER OVULE BT 8', '7', 5, 'U7675', '2019-10-19', 1),
(867, 'GYNOKIT BT 4\'S', '7', 5, 'U7675', '2019-10-19', 1),
(868, 'HAEMACEL', '3', 5, 'U7675', '2019-10-19', 1),
(869, 'HAEMOFORTE SP 200 ML', '3', 5, 'U7675', '2019-10-19', 1),
(870, 'HAEMOFORTE SP 90 ML', '3', 5, 'U7675', '2019-10-19', 1),
(871, 'HALOPERIDOL  5MG', '12', 5, 'U7675', '2019-10-19', 1),
(872, 'HB FORTE IRON SYRUP 90ML', '3', 5, 'U7675', '2019-10-19', 1),
(873, 'HEDEX  CPR', '12', 5, 'U7675', '2019-10-19', 1),
(874, 'HEDON  CPR', '12', 5, 'U7675', '2019-10-19', 1),
(875, 'HEEL CREAM 30 GM', '13', 5, 'U7675', '2019-10-19', 1),
(876, 'HELMINTOX 125 MG CPR', '12', 5, 'U7675', '2019-10-19', 1),
(877, 'HELMINTOX 250 MG 3TABS', '12', 5, 'U7675', '2019-10-19', 1),
(878, 'HELMINTOX SP 15 ML', '3', 5, 'U7675', '2019-10-19', 1),
(879, 'HEMERAN GEL', '13', 5, 'U7675', '2019-10-19', 1),
(880, 'HEMOCLAR CREAM', '13', 5, 'U7675', '2019-10-19', 1),
(881, 'HERMESETAS  400', '7', 5, 'U7675', '2019-10-19', 1),
(882, 'HERMESETAS 650\'S', '7', 5, 'U7675', '2019-10-19', 1),
(883, 'HEXTRIL DENTIFRICE 75ML', '7', 5, 'U7675', '2019-10-19', 1),
(884, 'HEXTRIL SOLUTION 200ML', '3', 5, 'U7675', '2019-10-19', 1),
(885, 'HICONCIL  125MG/5ML  ', '3', 5, 'U7675', '2019-10-19', 1),
(886, 'HICONCIL  500MG  CAPS', '4', 5, 'U7675', '2019-10-19', 1),
(887, 'HICONCIL 250MG/5ML SP 60ML', '3', 5, 'U7675', '2019-10-19', 1),
(888, 'HISTALIN SYRUP 60ML', '3', 5, 'U7675', '2019-10-19', 1),
(889, 'HIV RAPID DIAGNOSTIC TEST', '9', 5, 'U7675', '2019-10-19', 1),
(890, 'HOMAGON CAPS BT 10', '2', 5, 'U7675', '2019-10-19', 1),
(891, 'HUGGIES LINGETE', '7', 5, 'U7675', '2019-10-19', 1),
(892, 'HUILE D\'AMANDE DOUCE+ MASSAGE ADOUCISSANT', '3', 5, 'U7675', '2019-10-19', 1),
(893, 'HUILE D\'AMANDES DOUCES 120 ML-KIPHARMA', '3', 5, 'U7675', '2019-10-19', 1),
(894, 'HYDERGINE  GTTE 1 MG 50 ML', '3', 5, 'U7675', '2019-10-19', 1),
(895, 'HYDERGINE 1.5MG CPR', '12', 5, 'U7675', '2019-10-19', 1),
(896, 'HYDRALAZINE 25MG', '12', 5, 'U7675', '2019-10-19', 1),
(897, 'HYDRALIN CLASSIC PDRE', '10', 5, 'U7675', '2019-10-19', 1),
(898, 'HYDROCHLOROTHIAZIDE  25MG  VRAC', '12', 5, 'U7675', '2019-10-19', 1),
(899, 'HYDROCHLOROTHIAZIDE  50MG  VRAC', '12', 5, 'U7675', '2019-10-19', 1),
(900, 'HYDROCORTISONE  COLLYRE', '3', 5, 'U7675', '2019-10-19', 1),
(901, 'HYDROCORTISONE CREAM 15 GM', '13', 5, 'U7675', '2019-10-19', 1),
(902, 'HYDROCORTISONE INJ', '1', 5, 'U7675', '2019-10-19', 1),
(903, 'HYDROCORTISONE OINTMENT', '13', 5, 'U7675', '2019-10-19', 1),
(904, 'HYDROXIDE D\'AL+ MAGN TRICILICATE  VRAC', '12', 5, 'U7675', '2019-10-19', 1),
(905, 'HYDROXYPROPYLMETHYLCELLULOSE COLLYRE', '3', 5, 'U7675', '2019-10-19', 1),
(906, 'HYZAAR 50/12.5MG', '12', 5, 'U7675', '2019-10-19', 1),
(907, 'IBEX  CAPS', '2', 5, 'U7675', '2019-10-19', 1),
(908, 'IBIDROXYL 500MG CPR', '4', 5, 'U7675', '2019-10-19', 1),
(909, 'IBIDROXYL SP 250MG 60ML', '3', 5, 'U7675', '2019-10-19', 1),
(910, 'IBUMEX 25GM GEL', '13', 5, 'U7675', '2019-10-19', 1),
(911, 'IBUMOL (IBUPROFEN+ PARACETAMOL) BT 10', '4', 5, 'U7675', '2019-10-19', 1),
(912, 'IBUPAR  CPR', '12', 5, 'U7675', '2019-10-19', 1),
(913, 'IBUPROFEN  200MG CPR', '12', 5, 'U7675', '2019-10-19', 1),
(914, 'IBUPROFEN  SIROP  60ML', '3', 5, 'U7675', '2019-10-19', 1),
(915, 'IBUPROFEN  SIROP 100ML', '3', 5, 'U7675', '2019-10-19', 1),
(916, 'IBUPROFEN 400 MG CPR', '12', 5, 'U7675', '2019-10-19', 1),
(917, 'IBUPROFEN 400 MG DENK', '12', 5, 'U7675', '2019-10-19', 1),
(918, 'IDEOS CPR', '12', 5, 'U7675', '2019-10-19', 1),
(919, 'IMODIUM CAPS', '4', 5, 'U7675', '2019-10-19', 1),
(920, 'IMODIUM SYRUP', '3', 5, 'U7675', '2019-10-19', 1),
(921, 'INDAPAMIDE 2.5 MG  (FLUDEX)', '12', 5, 'U7675', '2019-10-19', 1),
(922, 'INDERAL 40MG', '12', 5, 'U7675', '2019-10-19', 1),
(923, 'INDOMETHACINE  CAPS  25MG  VRAC', '4', 5, 'U7675', '2019-10-19', 1),
(924, 'INDOMETHACINE  SUPPO', '11', 5, 'U7675', '2019-10-19', 1),
(925, 'INDOMETHACINE 25 MG S/F', '4', 5, 'U7675', '2019-10-19', 1),
(926, 'INOTEX', '7', 5, 'U7675', '2019-10-19', 1),
(927, 'INOTYOL POMMADE', '13', 5, 'U7675', '2019-10-19', 1),
(928, 'INSULATARD 100 UI(INSULINE LENTE)', '3', 5, 'U7675', '2019-10-19', 1),
(929, 'INSULINE MIXTE 100 IU/ML', '3', 5, 'U7675', '2019-10-19', 1),
(930, 'INTAMINE CREAM 25GM', '13', 5, 'U7675', '2019-10-19', 1),
(931, 'INTETRIX CPS BT 20', '7', 5, 'U7675', '2019-10-19', 1),
(932, 'INTRUSSED SYRUP 60ML', '3', 5, 'U7675', '2019-10-19', 1),
(933, 'ITRACONAZOLE 100 MG (CANDITRAL) CAPS', '4', 5, 'U7675', '2019-10-19', 1),
(934, 'ITURIZE  BABY PAMPERS 3-6KG 111\'S', '7', 5, 'U7675', '2019-10-19', 1),
(935, 'JOHNSON BABY CREAM 350 ML', '3', 5, 'U7675', '2019-10-19', 1),
(936, 'JOHNSON BABY JELLY 100GM', '3', 5, 'U7675', '2019-10-19', 1),
(937, 'JOHNSON BABY LOTION 200ML', '3', 5, 'U7675', '2019-10-19', 1),
(938, 'JOHNSON BABY LOTION 500ML', '3', 5, 'U7675', '2019-10-19', 1),
(939, 'JOHNSON BABY OIL 200ML', '3', 5, 'U7675', '2019-10-19', 1),
(940, 'JOHNSON POWDER 100 GM', '9', 5, 'U7675', '2019-10-19', 1),
(941, 'JOHNSON POWDER 300 GM', '3', 5, 'U7675', '2019-10-19', 1),
(942, 'JOHNSON POWDER 400 GM', '9', 5, 'U7675', '2019-10-19', 1),
(943, 'JOHNSON POWDER 50 GM', '9', 5, 'U7675', '2019-10-19', 1),
(944, 'JOHNSON POWDER 500 GM', '9', 5, 'U7675', '2019-10-19', 1),
(945, 'JOHNSON SOAP 100 GM', '7', 5, 'U7675', '2019-10-19', 1),
(946, 'JOINTNEED (GLUCOSAMINE, CHONDROITIN, VIT D3,B12 & ', '12', 5, 'U7675', '2019-10-19', 1),
(947, 'KALEORID LP 600MG', '12', 5, 'U7675', '2019-10-19', 1),
(948, 'KALIFUMA POWDER', '7', 5, 'U7675', '2019-10-19', 1),
(949, 'KAMA X AFRO (CONDOMS) BT3', '7', 5, 'U7675', '2019-10-19', 1),
(950, 'KAMA X EURO (CONDOMS) BT3', '7', 5, 'U7675', '2019-10-19', 1),
(951, 'KENACORT  40MG/2ML', '1', 5, 'U7675', '2019-10-19', 1),
(952, 'KENACORT  80MG/2ML', '1', 5, 'U7675', '2019-10-19', 1),
(953, 'KETESSE 25MG', '12', 5, 'U7675', '2019-10-19', 1),
(954, 'KETOCONAZOLE  200MG', '12', 5, 'U7675', '2019-10-19', 1),
(955, 'KETOCONAZOLE CREAM 20 GM', '13', 5, 'U7675', '2019-10-19', 1),
(956, 'KETOCONAZOLE CREAM 30 GM', '13', 5, 'U7675', '2019-10-19', 1),
(957, 'KETOCONAZOLE(KENAZOLE) SHAMPOO 100 ML', '3', 5, 'U7675', '2019-10-19', 1),
(958, 'KETOPLUS SHAMPOO 60ML', '3', 5, 'U7675', '2019-10-19', 1),
(959, 'KINAZOLE SHAMPOO 2% 100ML', '3', 5, 'U7675', '2019-10-19', 1),
(960, 'KIPEL 4MG CHEWABLE', '12', 5, 'U7675', '2019-10-19', 1),
(961, 'KLORANE BAUME LEVRE', '13', 5, 'U7675', '2019-10-19', 1),
(962, 'KLORANE BEBE SAVON SURGRAS PECHE 250GM', '7', 5, 'U7675', '2019-10-19', 1),
(963, 'KLORANE LOTION 750ML BEBE', '3', 5, 'U7675', '2019-10-19', 1),
(964, 'KLOVINAL (METRONIDAZOLE+ CLOTRIMAZOLE) PESSARIES', '7', 5, 'U7675', '2019-10-19', 1),
(965, 'KLY LUBRICATING JELLY 42 G', '7', 5, 'U7675', '2019-10-19', 1),
(966, 'KLY LUBRICATING JELLY 82 G', '7', 5, 'U7675', '2019-10-19', 1),
(967, 'KOF OFF SP', '3', 5, 'U7675', '2019-10-19', 1),
(968, 'KOFF-GO SP', '3', 5, 'U7675', '2019-10-19', 1),
(969, 'KOFLYN PEDIATRIC', '3', 5, 'U7675', '2019-10-19', 1),
(970, 'KOFLYN SP ADULT', '3', 5, 'U7675', '2019-10-19', 1),
(971, 'K-Y GEL 42 GM', '13', 5, 'U7675', '2019-10-19', 1),
(972, 'K-Y GEL 82 GM', '13', 5, 'U7675', '2019-10-19', 1),
(973, 'LABELLO  CLASSIQUE', '13', 5, 'U7675', '2019-10-19', 1),
(974, 'LACTACYD FEM LINGETTES BT 20', '7', 5, 'U7675', '2019-10-19', 1),
(975, 'LACTACYD FEMINA 200 ML', '3', 5, 'U7675', '2019-10-19', 1),
(976, 'LACTACYD INTIMATE LINGETTE 20\'S', '7', 5, 'U7675', '2019-10-19', 1),
(977, 'LACTACYD PHARMA SENSITIVE 250ML', '3', 5, 'U7675', '2019-10-19', 1),
(978, 'LACTACYD SOIN INTIME LAVANT HYDRATANT 250ML', '3', 5, 'U7675', '2019-10-19', 1),
(979, 'LACTULIN SYRUP 100 ML', '3', 5, 'U7675', '2019-10-19', 1),
(980, 'LAMIDERM GEL', '13', 5, 'U7675', '2019-10-19', 1),
(981, 'LARGACTIL 100MG', '12', 5, 'U7675', '2019-10-19', 1),
(982, 'LARME ARTIFICIELLE', '3', 5, 'U7675', '2019-10-19', 1),
(983, 'LASILIX  40MG CPR', '12', 5, 'U7675', '2019-10-19', 1),
(984, 'LASILIX 20MG CPR', '12', 5, 'U7675', '2019-10-19', 1),
(985, 'LEUCODININE PDE', '13', 5, 'U7675', '2019-10-19', 1),
(986, 'LEVAMISOLE  50MG  VRAC', '12', 5, 'U7675', '2019-10-19', 1),
(987, 'LEVAMISOLE 150 MG S/F', '12', 5, 'U7675', '2019-10-19', 1),
(988, 'LEVAMISOLE 40MG 3\'S', '7', 5, 'U7675', '2019-10-19', 1),
(989, 'LEVAMISOLE 40MG SYRUP', '3', 5, 'U7675', '2019-10-19', 1),
(990, 'LEVO 72 (LEVONORGESTREL 1.5MG)', '7', 5, 'U7675', '2019-10-19', 1),
(991, 'LEVOCETIRIZINE (SUPRALER) 5MG BT 7', '7', 5, 'U7675', '2019-10-19', 1),
(992, 'LEVO-DENK 500MG 10COMP', '12', 5, 'U7675', '2019-10-19', 1),
(993, 'LEVOFLOXACIN (LEVOC) 500MG', '12', 5, 'U7675', '2019-10-19', 1),
(994, 'LEVOFLOXACIN (LEVOBACT) 750 MG', '12', 5, 'U7675', '2019-10-19', 1),
(995, 'LEVOFLOXACINE 500MG (LEEFLOX)', '12', 5, 'U7675', '2019-10-19', 1),
(996, 'LEVOFLOXACINE 500MG (UVEX)', '12', 5, 'U7675', '2019-10-19', 1),
(997, 'LEVONORGESTREL 1.5 MG', '12', 5, 'U7675', '2019-10-19', 1),
(998, 'LEXOTAN 3MG ', '12', 5, 'U7675', '2019-10-19', 1),
(999, 'LEXOTAN 6MG', '12', 5, 'U7675', '2019-10-19', 1),
(1000, 'LIDOCAINE 2% 30 ML', '3', 5, 'U7675', '2019-10-19', 1),
(1001, 'LIFEGUARD BT 3', '7', 5, 'U7675', '2019-10-19', 1),
(1002, 'LINGETTE DESINFECTANTE ALCOOL(ALCOOL PADE)', '9', 5, 'U7675', '2019-10-19', 1),
(1003, 'LIPANTHYL (FENOFIBRATE) 200MG', '4', 5, 'U7675', '2019-10-19', 1),
(1004, 'LIPICE ORGINAL OUTER', '9', 5, 'U7675', '2019-10-19', 1),
(1005, 'LIPIKAR BAUME 200ML', '3', 5, 'U7675', '2019-10-19', 1),
(1006, 'LIPILOC (FENOFIBRATE) 200MG', '12', 5, 'U7675', '2019-10-19', 1),
(1007, 'LISINOPRIL (LISTRIL) 10MG', '12', 5, 'U7675', '2019-10-19', 1),
(1008, 'LISTERINE ANTISEPTIC 250 ML', '3', 5, 'U7675', '2019-10-19', 1),
(1009, 'LISTERINE ANTISEPTIC 500 ML', '3', 5, 'U7675', '2019-10-19', 1),
(1010, 'LISTERINE CITRUS 250ML', '3', 5, 'U7675', '2019-10-19', 1),
(1011, 'LISTERINE COOL MINT 250 ML', '3', 5, 'U7675', '2019-10-19', 1),
(1012, 'LISTERINE COOL MINT 500 ML', '3', 5, 'U7675', '2019-10-19', 1),
(1013, 'LISTERINE FRESH BURST 250 ML', '3', 5, 'U7675', '2019-10-19', 1),
(1014, 'LISTERINE FRESH BURST 500 ML', '3', 5, 'U7675', '2019-10-19', 1),
(1015, 'LISTERINE TARTAR CONTROL 250 ML', '3', 5, 'U7675', '2019-10-19', 1),
(1016, 'LISTERINE TARTAR CONTROL 500 ML', '3', 5, 'U7675', '2019-10-19', 1),
(1017, 'LISTERINE TOTAL CARE MOUTHWASH 250ML', '3', 5, 'U7675', '2019-10-19', 1),
(1018, 'LISTERINE TOTAL CARE SENSITIVE MOUTHWASH 250ML', '3', 5, 'U7675', '2019-10-19', 1),
(1019, 'LITTLE ANGELS MAXI 1PCTX8', '7', 5, 'U7675', '2019-10-19', 1),
(1020, 'LITTLE ANGELS MIDI 1PCTX9', '7', 5, 'U7675', '2019-10-19', 1),
(1021, 'LIVOLIN FORTE CAPS', '4', 5, 'U7675', '2019-10-19', 1),
(1022, 'LOCABIOTAL SPRAY', '3', 5, 'U7675', '2019-10-19', 1),
(1023, 'LOCOID 0.1% CREAM 30GM', '13', 5, 'U7675', '2019-10-19', 1),
(1024, 'LOFNAC 100MG TAB', '12', 5, 'U7675', '2019-10-19', 1),
(1025, 'LOFNAC GEL 30GM', '13', 5, 'U7675', '2019-10-19', 1),
(1026, 'LOFNAC SUPPO 100MG', '11', 5, 'U7675', '2019-10-19', 1),
(1027, 'LOMEXIN CRÈME', '13', 5, 'U7675', '2019-10-19', 1),
(1028, 'LOOBID(OFLOXACIN+ORNIDAZOLE+ LACTIC BACILLUS', '12', 5, 'U7675', '2019-10-19', 1),
(1029, 'LOPERAMIDE BT 6', '7', 5, 'U7675', '2019-10-19', 1),
(1030, 'LOPERAMIDE CAPS 2 MG', '4', 5, 'U7675', '2019-10-19', 1),
(1031, 'LORACTIVE (LORATADINE) 10 MG CPR', '12', 5, 'U7675', '2019-10-19', 1),
(1032, 'LORATADINE (LORHISTINA) 10 MG CPR ', '12', 5, 'U7675', '2019-10-19', 1),
(1033, 'LORATADINE (LORHISTINA) SP  60ML', '3', 5, 'U7675', '2019-10-19', 1),
(1034, 'LORATADINE 10 MG', '12', 5, 'U7675', '2019-10-19', 1),
(1035, 'LORATIN (LORATADINE) 10MG', '12', 5, 'U7675', '2019-10-19', 1),
(1036, 'LORATOL (LORATADINE) 10MG', '12', 5, 'U7675', '2019-10-19', 1),
(1037, 'LORTAN 50 MG', '12', 5, 'U7675', '2019-10-19', 1),
(1038, 'LORTAN-H CPR', '12', 5, 'U7675', '2019-10-19', 1),
(1039, 'LORVAS (INDAPAMIDE) 1.5 MG', '12', 5, 'U7675', '2019-10-19', 1),
(1040, 'LOSARTAN 50 MG ', '12', 5, 'U7675', '2019-10-19', 1),
(1041, 'LOSARTAN DENK 100MG ', '12', 5, 'U7675', '2019-10-19', 1),
(1042, 'LOSARTAN DENK 50MG', '12', 5, 'U7675', '2019-10-19', 1),
(1043, 'LOSARTAN -H CPR', '12', 5, 'U7675', '2019-10-19', 1),
(1044, 'LOSARTAN -H CPR (LOSATRUST)', '12', 5, 'U7675', '2019-10-19', 1),
(1045, 'LOTEM SP 100 ML', '3', 5, 'U7675', '2019-10-19', 1),
(1046, 'LRJ 30MG 10ML COLLYRE', '3', 5, 'U7675', '2019-10-19', 1),
(1047, 'L-THYROXINE 100MCG CPR', '12', 5, 'U7675', '2019-10-19', 1),
(1048, 'L-THYROXINE 150MG', '12', 5, 'U7675', '2019-10-19', 1),
(1049, 'L-THYROXINE 50MCG CPR', '12', 5, 'U7675', '2019-10-19', 1),
(1050, 'LUGOL BUV 5% 20ML', '3', 5, 'U7675', '2019-10-19', 1),
(1051, 'LUTENYL 5 MG CPR', '12', 5, 'U7675', '2019-10-19', 1),
(1052, 'LYSOFLAM  CPR', '12', 5, 'U7675', '2019-10-19', 1),
(1053, 'LYSOFLAM GEL', '13', 5, 'U7675', '2019-10-19', 1),
(1054, 'MAALOX 800 MG CPR', '12', 5, 'U7675', '2019-10-19', 1),
(1055, 'MAALOX SACHETS', '10', 5, 'U7675', '2019-10-19', 1),
(1056, 'MAALOX SP 250 ML', '3', 5, 'U7675', '2019-10-19', 1),
(1057, 'MADECASOL  POMMADE', '13', 5, 'U7675', '2019-10-19', 1),
(1058, 'MAGNE B6', '12', 5, 'U7675', '2019-10-19', 1),
(1059, 'MAGNET POLYETHYLENE CIRCULAR MOSQUITO NET', '7', 5, 'U7675', '2019-10-19', 1),
(1060, 'MAGNOCID SP 100 ML', '3', 5, 'U7675', '2019-10-19', 1),
(1061, 'MAISHA BORA ALOE VERA HERBAL', '13', 5, 'U7675', '2019-10-19', 1),
(1062, 'MAMI LOVE PAMPEX JUNIOR (15-25KG)', '7', 5, 'U7675', '2019-10-19', 1),
(1063, 'MAMI LOVE PAMPEX MAXI (8-18KG) 84\'S DETAIL', '9', 5, 'U7675', '2019-10-19', 1),
(1064, 'MAMI LOVE PAMPEX MAXI (8-18KG) 84\'S', '7', 5, 'U7675', '2019-10-19', 1),
(1065, 'MAMI LOVE PAMPEX MIDI (4-9KG) 102\'S', '7', 5, 'U7675', '2019-10-19', 1),
(1066, 'MAMI LOVE PAMPEX MINI (3-6KG) 102\'S', '7', 5, 'U7675', '2019-10-19', 1),
(1067, 'MANITOL 10% 500ML', '3', 5, 'U7675', '2019-10-19', 1),
(1068, 'MANITOL 20% 500ML', '3', 5, 'U7675', '2019-10-19', 1),
(1069, 'MARAMOJA  CPR', '12', 5, 'U7675', '2019-10-19', 1),
(1070, 'MASQUE CHIRURGICAL', '9', 5, 'U7675', '2019-10-19', 1),
(1071, 'MAXIDEX COLLYRE 5 ML', '3', 5, 'U7675', '2019-10-19', 1),
(1072, 'MAXIDROL  COLLYRE', '3', 5, 'U7675', '2019-10-19', 1),
(1073, 'MAXIDROL  PDE OPHT', '13', 5, 'U7675', '2019-10-19', 1),
(1074, 'MAXIPLEX TABS', '12', 5, 'U7675', '2019-10-19', 1),
(1075, 'MAXITROL 3.5GM OINTMENT ', '3', 5, 'U7675', '2019-10-19', 1),
(1076, 'MAXITROL 5ML COLLYRE', '3', 5, 'U7675', '2019-10-19', 1),
(1077, 'MEBENDAZOLE  100MG  CPR  VRAC', '12', 5, 'U7675', '2019-10-19', 1),
(1078, 'MEBENDAZOLE  500MG  CPR  VRAC', '12', 5, 'U7675', '2019-10-19', 1),
(1079, 'MEBENDAZOLE 100 MG BT 6', '7', 5, 'U7675', '2019-10-19', 1),
(1080, 'MEBENDAZOLE 100 MG BT S/F', '12', 5, 'U7675', '2019-10-19', 1),
(1081, 'MEBENDAZOLE SP 30ML', '3', 5, 'U7675', '2019-10-19', 1),
(1082, 'MECONERV FORTE CAPS', '12', 5, 'U7675', '2019-10-19', 1),
(1083, 'MEDI-KEEL  A ( PASTILLES )', '12', 5, 'U7675', '2019-10-19', 1),
(1084, 'MEDITROL 0.25MCG', '4', 5, 'U7675', '2019-10-19', 1),
(1085, 'MEDOFLUCON 150MG 1PCE', '7', 5, 'U7675', '2019-10-19', 1),
(1086, 'MEDROL 32MG CPR', '12', 5, 'U7675', '2019-10-19', 1),
(1087, 'MEFLOQUINE 250MG (MEPHAQUIN) BT4', '7', 5, 'U7675', '2019-10-19', 1),
(1088, 'MEFTAL (ACIDE MEFENAMIQUE)  500MG  CPR', '12', 5, 'U7675', '2019-10-19', 1),
(1089, 'MEFTAL- SPAS  250 MG CPR', '12', 5, 'U7675', '2019-10-19', 1),
(1090, 'MEFTAL-FORTE TOPICAL CREAM 50 GM', '13', 5, 'U7675', '2019-10-19', 1),
(1091, 'MELADININE  0,75% SOLN', '3', 5, 'U7675', '2019-10-19', 1),
(1092, 'MELADININE  CPR', '12', 5, 'U7675', '2019-10-19', 1),
(1093, 'MELADININE 0, 1% SOLN', '3', 5, 'U7675', '2019-10-19', 1),
(1094, 'MENTHO  PLUS', '3', 5, 'U7675', '2019-10-19', 1),
(1095, 'MEPROBAMATE  400MG  VRAC', '12', 5, 'U7675', '2019-10-19', 1),
(1096, 'METFORMIN  500MG', '12', 5, 'U7675', '2019-10-19', 1),
(1097, 'METFORMIN  850MG', '12', 5, 'U7675', '2019-10-19', 1),
(1098, 'METFORMIN DENK 1000 MG', '12', 5, 'U7675', '2019-10-19', 1),
(1099, 'METFORMIN DENK 500MG', '12', 5, 'U7675', '2019-10-19', 1),
(1100, 'METFORMIN DENK 850 MG', '12', 5, 'U7675', '2019-10-19', 1),
(1101, 'METHERGIN  CPR  0,125MG', '12', 5, 'U7675', '2019-10-19', 1),
(1102, 'METHYLDOPA 250 MG', '12', 5, 'U7675', '2019-10-19', 1),
(1103, 'METHYLERGOMETRINE 0.2MG/ML INJ', '1', 5, 'U7675', '2019-10-19', 1),
(1104, 'METOCLOPRAMIDE INJ', '1', 5, 'U7675', '2019-10-19', 1),
(1105, 'METOCLOPRAMIDE S/F', '12', 5, 'U7675', '2019-10-19', 1),
(1106, 'METOCLOPRAMIDE VRAC', '12', 5, 'U7675', '2019-10-19', 1),
(1107, 'METRONIDAZOLE  INJ.', '1', 5, 'U7675', '2019-10-19', 1),
(1108, 'METRONIDAZOLE  OVULE', '6', 5, 'U7675', '2019-10-19', 1),
(1109, 'METRONIDAZOLE (ROZEX) CREAM 0.75%', '13', 5, 'U7675', '2019-10-19', 1),
(1110, 'METRONIDAZOLE 250 MG CPR S/F', '12', 5, 'U7675', '2019-10-19', 1),
(1111, 'METRONIDAZOLE 250 MG CPR VRAC', '12', 5, 'U7675', '2019-10-19', 1),
(1112, 'METRONIDAZOLE SP 100 ML', '3', 5, 'U7675', '2019-10-19', 1),
(1113, 'METRONIDAZOLE SP 60 ML', '3', 5, 'U7675', '2019-10-19', 1),
(1114, 'MEXIC (MELOXICAM) 15 MG', '12', 5, 'U7675', '2019-10-19', 1),
(1115, 'MEXIC (MELOXICAM) 7.5 MG', '12', 5, 'U7675', '2019-10-19', 1),
(1116, 'MICONAZOLE 2% CREAM 15GM', '13', 5, 'U7675', '2019-10-19', 1),
(1117, 'MICONAZOLE 2% CREAM 20GM', '13', 5, 'U7675', '2019-10-19', 1),
(1118, 'MICOZAL 2% CREAM 15 GM', '13', 5, 'U7675', '2019-10-19', 1),
(1119, 'MICROGYNON 28\'S', '5', 5, 'U7675', '2019-10-19', 1),
(1120, 'MICROGYNON 3X28\'S', '5', 5, 'U7675', '2019-10-19', 1),
(1121, 'MICROLAX RECTALE  ADULTE', '13', 5, 'U7675', '2019-10-19', 1),
(1122, 'MICROLAX RECTALE  BEBE', '13', 5, 'U7675', '2019-10-19', 1),
(1123, 'MICROLUT 35\'S', '5', 5, 'U7675', '2019-10-19', 1),
(1124, 'MIGRALGINE  CAPS BT 12', '7', 5, 'U7675', '2019-10-19', 1),
(1125, 'MINHAVEZ 15ML COLLYRE', '3', 5, 'U7675', '2019-10-19', 1),
(1126, 'MINOXIDIL 2% 60 ML', '3', 5, 'U7675', '2019-10-19', 1),
(1127, 'MODURETIC  CPR', '12', 5, 'U7675', '2019-10-19', 1),
(1128, 'MOODS ALLNIGHT CONDOMS 1X3', '7', 5, 'U7675', '2019-10-19', 1),
(1129, 'MOODS BANANA CONDOMS 1X3', '7', 5, 'U7675', '2019-10-19', 1),
(1130, 'MOODS COFFEE', '7', 5, 'U7675', '2019-10-19', 1),
(1131, 'MOODS DOTTED CONDOMS 1X3', '7', 5, 'U7675', '2019-10-19', 1),
(1132, 'MOODS EXTRA LONG', '7', 5, 'U7675', '2019-10-19', 1),
(1133, 'MOODS REGULAR CONDOMS 1X3', '7', 5, 'U7675', '2019-10-19', 1),
(1134, 'MOODS RIBBED CONDOMS 1X3', '7', 5, 'U7675', '2019-10-19', 1),
(1135, 'MOODS STRAWBERRY CONDOMS 1X3', '7', 5, 'U7675', '2019-10-19', 1),
(1136, 'MOODS ULTRATHIN CONDOMS 1X3', '7', 5, 'U7675', '2019-10-19', 1),
(1137, 'MOSQUITO REPELLING DEVICE', '7', 5, 'U7675', '2019-10-19', 1),
(1138, 'MOSQUITO REPELLING LIQUID', '7', 5, 'U7675', '2019-10-19', 1),
(1139, 'MOTILIUM 10 MG CPR', '12', 5, 'U7675', '2019-10-19', 1),
(1140, 'MOTILIUM SP 100 ML PEDIATRIC', '3', 5, 'U7675', '2019-10-19', 1),
(1141, 'MOTILIUM SP 200 ML', '3', 5, 'U7675', '2019-10-19', 1),
(1142, 'MOTILIUM SUPPO ADULT 60MG', '11', 5, 'U7675', '2019-10-19', 1),
(1143, 'MOTILIUM SUPPO ENFANT 30MG', '11', 5, 'U7675', '2019-10-19', 1),
(1144, 'MUCO-ASTHALIN SP 100ML', '3', 5, 'U7675', '2019-10-19', 1),
(1145, 'MUCOLYN SP ADULT 100 ML', '3', 5, 'U7675', '2019-10-19', 1),
(1146, 'MUCOMYST SACHETS', '10', 5, 'U7675', '2019-10-19', 1),
(1147, 'MUCOMYST SYRUP', '3', 5, 'U7675', '2019-10-19', 1),
(1148, 'MUCOTHIOL  ENFANT', '3', 5, 'U7675', '2019-10-19', 1),
(1149, 'MUCOTHIOL ADULTE', '3', 5, 'U7675', '2019-10-19', 1),
(1150, 'MULTIVITAMIN (SOLOTONE) S/F', '12', 5, 'U7675', '2019-10-19', 1),
(1151, 'MULTIVITAMIN S/F', '12', 5, 'U7675', '2019-10-19', 1),
(1152, 'MULTIVITAMIN SP 100 ML', '3', 5, 'U7675', '2019-10-19', 1),
(1153, 'MULTIVITAMIN SP 60 ML', '3', 5, 'U7675', '2019-10-19', 1),
(1154, 'MULTIVITAMIN VRAC', '12', 5, 'U7675', '2019-10-19', 1),
(1155, 'MUMFER CPR', '12', 5, 'U7675', '2019-10-19', 1),
(1156, 'MUMFER SP 150ML', '3', 5, 'U7675', '2019-10-19', 1),
(1157, 'MUSTELA LINGETTES DERMO-APAISANTES X70', '7', 5, 'U7675', '2019-10-19', 1),
(1158, 'MUSTELA LINGETTES VISAGE BEBE 25', '7', 5, 'U7675', '2019-10-19', 1),
(1159, 'MUSTELA MUSTI EAU DE SOIN 100ML', '3', 5, 'U7675', '2019-10-19', 1),
(1160, 'MUSTELA SERUM CORRECTION VERGETURES 75ML', '3', 5, 'U7675', '2019-10-19', 1),
(1161, 'MUSTELA STELATOPIA CRÈME 200ML', '3', 5, 'U7675', '2019-10-19', 1),
(1162, 'MUSTELA VERGETURE DOUBLE ACTION 150ML', '3', 5, 'U7675', '2019-10-19', 1),
(1163, 'MUSTELLA  SAVON 150GM', '9', 5, 'U7675', '2019-10-19', 1),
(1164, 'MUSTELLA BEBE-ENFANT SAVON 150G', '9', 5, 'U7675', '2019-10-19', 1),
(1165, 'MUSTELLA BODY  LOTION  300ML', '3', 5, 'U7675', '2019-10-19', 1),
(1166, 'MUSTELLA BODY  LOTION  500ML', '3', 5, 'U7675', '2019-10-19', 1),
(1167, 'MYCOLOG ONGUENT', '13', 5, 'U7675', '2019-10-19', 1),
(1168, 'MYCOSTATINE SUSP 100000 UI/ML (NYSTATINE)', '3', 5, 'U7675', '2019-10-19', 1),
(1169, 'MYDRIATICUM 0.5% COLLYRE 10ML', '3', 5, 'U7675', '2019-10-19', 1),
(1170, 'MYOSPAZ (CHLORZOXAZONE & PARACETAMOL)', '12', 5, 'U7675', '2019-10-19', 1),
(1171, 'NAAXIA COLLYRE 5ML', '3', 5, 'U7675', '2019-10-19', 1),
(1172, 'NAN 1 400GM ( LAIT ENFANTIL )', '7', 5, 'U7675', '2019-10-19', 1),
(1173, 'NAN 2 400GM ( LAIT ENFANTIL )', '7', 5, 'U7675', '2019-10-19', 1),
(1174, 'NANAH HERBAL', '3', 5, 'U7675', '2019-10-19', 1),
(1175, 'NASONEX 50MCG 120 DOSES', '3', 5, 'U7675', '2019-10-19', 1),
(1176, 'NASONEX 50MCG 40 DOSES', '3', 5, 'U7675', '2019-10-19', 1),
(1177, 'NAT B CAPS', '4', 5, 'U7675', '2019-10-19', 1),
(1178, 'NAUMA PDE 20 GM', '13', 5, 'U7675', '2019-10-19', 1),
(1179, 'NEBILONG 5 MG', '12', 5, 'U7675', '2019-10-19', 1),
(1180, 'NEBILONG AM', '12', 5, 'U7675', '2019-10-19', 1),
(1181, 'NEBILONG H CPR', '12', 5, 'U7675', '2019-10-19', 1),
(1182, 'NECK RUFFLES 5\'S', '7', 5, 'U7675', '2019-10-19', 1),
(1183, 'NEO-BACITRACIN OINTMENT', '13', 5, 'U7675', '2019-10-19', 1),
(1184, 'NEO-BACITRACIN OINTMENT 20GM (EUROPE)', '13', 5, 'U7675', '2019-10-19', 1),
(1185, 'NEOBACITRACINE CREAM', '13', 5, 'U7675', '2019-10-19', 1),
(1186, 'NEO-CODION  SIROP ADULTE 180ML', '3', 5, 'U7675', '2019-10-19', 1),
(1187, 'NEO-CODION  SIROP ENFANT', '3', 5, 'U7675', '2019-10-19', 1),
(1188, 'NEO-CODION  SIROP NOURISSON', '3', 5, 'U7675', '2019-10-19', 1),
(1189, 'NEO-CODION CPR', '12', 5, 'U7675', '2019-10-19', 1),
(1190, 'NEO-CUTIGENOL 50GM OINTMENT', '13', 5, 'U7675', '2019-10-19', 1),
(1191, 'NEOMEDEXSOL COLLYRE', '3', 5, 'U7675', '2019-10-19', 1),
(1192, 'NEO-MEDROL LOTION', '3', 5, 'U7675', '2019-10-19', 1),
(1193, 'NEOMERCAZOL 20 MG ', '12', 5, 'U7675', '2019-10-19', 1),
(1194, 'NEOMERCAZOL 5 MG ', '12', 5, 'U7675', '2019-10-19', 1),
(1195, 'NEOMYCIN CREAM', '13', 5, 'U7675', '2019-10-19', 1),
(1196, 'NEOPRED 5 ML COLLYRE', '3', 5, 'U7675', '2019-10-19', 1),
(1197, 'NERISONE CRÈME', '13', 5, 'U7675', '2019-10-19', 1),
(1198, 'NEURO FORTE', '12', 5, 'U7675', '2019-10-19', 1),
(1199, 'NEUROCARE CPR', '12', 5, 'U7675', '2019-10-19', 1),
(1200, 'NEUROCARE PLUS', '12', 5, 'U7675', '2019-10-19', 1),
(1201, 'NEURORUBINE FORTE', '12', 5, 'U7675', '2019-10-19', 1),
(1202, 'NEVRINE CODEINE 30MG', '12', 5, 'U7675', '2019-10-19', 1),
(1203, 'NEXIAM 20MG', '12', 5, 'U7675', '2019-10-19', 1),
(1204, 'NICLOSAMIDE  500MG  VRAC', '12', 5, 'U7675', '2019-10-19', 1),
(1205, 'NICORETTE 2MG BT105 GOM', '2', 5, 'U7675', '2019-10-19', 1),
(1206, 'NICORETTE 2MG BT30', '7', 5, 'U7675', '2019-10-19', 1),
(1207, 'NICORETTE4MG BT 105GOM', '2', 5, 'U7675', '2019-10-19', 1),
(1208, 'NIFEDIPINE DENK RETARD 10MG', '12', 5, 'U7675', '2019-10-19', 1),
(1209, 'NIFEDIPINE DENK RETARD 20MG', '12', 5, 'U7675', '2019-10-19', 1),
(1210, 'NIFEDIPINE  10MG', '12', 5, 'U7675', '2019-10-19', 1),
(1211, 'NIFEDIPINE  20MG', '12', 5, 'U7675', '2019-10-19', 1),
(1212, 'NIFLUGEL GEL', '13', 5, 'U7675', '2019-10-19', 1),
(1213, 'NIFLURIL CAPS 250 MG', '4', 5, 'U7675', '2019-10-19', 1),
(1214, 'NIFLURIL SUPPO ADULTE (700 MG)', '11', 5, 'U7675', '2019-10-19', 1),
(1215, 'NIFLURIL SUPPO ENFANT (400 MG)', '11', 5, 'U7675', '2019-10-19', 1),
(1216, 'NIL  1.5L', '3', 5, 'U7675', '2019-10-19', 1),
(1217, 'NIL 1/2L', '3', 5, 'U7675', '2019-10-19', 1),
(1218, 'NITRATE  D\'ARGENT', '9', 5, 'U7675', '2019-10-19', 1),
(1219, 'NITROFURANTOINE  100MG S/F', '12', 5, 'U7675', '2019-10-19', 1),
(1220, 'NITROFURANTOINE  100MG VRAC', '12', 5, 'U7675', '2019-10-19', 1),
(1221, 'NIZORAL   200MG CPR', '12', 5, 'U7675', '2019-10-19', 1),
(1222, 'NIZORAL CREAM 15 GM', '13', 5, 'U7675', '2019-10-19', 1),
(1223, 'NIZORAL CREAM 30 GM', '13', 5, 'U7675', '2019-10-19', 1),
(1224, 'NIZORAL SHAMPOO 60ML', '3', 5, 'U7675', '2019-10-19', 1),
(1225, 'NIZORAL SHAMPOO 80ML', '3', 5, 'U7675', '2019-10-19', 1),
(1226, 'NO SCAR CREAM', '13', 5, 'U7675', '2019-10-19', 1),
(1227, 'NOBACTER  SAVON', '9', 5, 'U7675', '2019-10-19', 1),
(1228, 'NOOTROPYL  1GM INJ', '1', 5, 'U7675', '2019-10-19', 1),
(1229, 'NOOTROPYL  800MG  CPR', '12', 5, 'U7675', '2019-10-19', 1),
(1230, 'NORFLOXACIN 400 MG CPR', '12', 5, 'U7675', '2019-10-19', 1),
(1231, 'NORFLOXACINE  0.3% 5ML COLLYRE', '3', 5, 'U7675', '2019-10-19', 1),
(1232, 'NORLEVO 1.5 MG', '12', 5, 'U7675', '2019-10-19', 1),
(1233, 'NORMAL SALINE', '3', 5, 'U7675', '2019-10-19', 1),
(1234, 'NOSPA 40 MG CPR', '12', 5, 'U7675', '2019-10-19', 1),
(1235, 'NOSPA INJ 40 MG 2ML', '1', 5, 'U7675', '2019-10-19', 1),
(1236, 'NUCLEO CMP FORTE AMP + SOL', '1', 5, 'U7675', '2019-10-19', 1),
(1237, 'NUCLEO CMP FORTE CPR', '4', 5, 'U7675', '2019-10-19', 1),
(1238, 'NURSING PAD', '9', 5, 'U7675', '2019-10-19', 1),
(1239, 'NUSAR 50 (LOSARTAN 50MG)', '12', 5, 'U7675', '2019-10-19', 1),
(1240, 'NUSAR-H', '12', 5, 'U7675', '2019-10-19', 1),
(1241, 'NYLEX EXTENSIBLE BANDAGE', '7', 5, 'U7675', '2019-10-19', 1),
(1242, 'NYSTATIN OVULE 14\'S', '7', 5, 'U7675', '2019-10-19', 1),
(1243, 'NYSTATIN OVULE 15\'S', '7', 5, 'U7675', '2019-10-19', 1),
(1244, 'NYSTATIN SP 30 ML', '3', 5, 'U7675', '2019-10-19', 1),
(1245, 'NYSTATINE  (NYCOSTAT LOZENGES) CPR', '12', 5, 'U7675', '2019-10-19', 1),
(1246, 'NYSTATINE 100000UI/GM PDE 30GM', '13', 5, 'U7675', '2019-10-19', 1),
(1247, 'NYSTATINE CPR S/F', '12', 5, 'U7675', '2019-10-19', 1),
(1248, 'NYSTATINE PESSARIS  OVULES', '6', 5, 'U7675', '2019-10-19', 1),
(1249, 'OESTROGEL 80GM GEL', '13', 5, 'U7675', '2019-10-19', 1),
(1250, 'OFLOCET 200 MG', '12', 5, 'U7675', '2019-10-19', 1),
(1251, 'OFLOCET SOL AURICULAIRE 1.5 MG/0.5 ML', '3', 5, 'U7675', '2019-10-19', 1),
(1252, 'OLFEN 100 MG SUPPO', '11', 5, 'U7675', '2019-10-19', 1),
(1253, 'OLFEN 100MG SR', '4', 5, 'U7675', '2019-10-19', 1),
(1254, 'OLFEN 50MG CPR', '12', 5, 'U7675', '2019-10-19', 1),
(1255, 'OLFEN GEL 20GM', '13', 5, 'U7675', '2019-10-19', 1),
(1256, 'OLFEN GEL 50GM', '13', 5, 'U7675', '2019-10-19', 1),
(1257, 'OLFEN INJ 75MG 3AMP', '1', 5, 'U7675', '2019-10-19', 1),
(1258, 'OLIGOCARE CPR', '12', 5, 'U7675', '2019-10-19', 1),
(1259, 'OMEPRAZOLE CAPS 20 MG', '4', 5, 'U7675', '2019-10-19', 1),
(1260, 'OMIX  0.4 MG CAPS', '4', 5, 'U7675', '2019-10-19', 1),
(1261, 'OMNIBIONTA  PRONATAL CPR', '12', 5, 'U7675', '2019-10-19', 1),
(1262, 'ONGUENT EMULSIFIANT 100 GM KIPHARMA', '3', 5, 'U7675', '2019-10-19', 1),
(1263, 'ONGUENT EMULSIFIANT 200 GM EXPERIENCE', '3', 5, 'U7675', '2019-10-19', 1),
(1264, 'ONGUENT EMULSIFIANT 200 GM KIPHARMA', '3', 5, 'U7675', '2019-10-19', 1),
(1265, 'ONGUENT EMULSIFIANT 200 GM THE SPECIALIST', '3', 5, 'U7675', '2019-10-19', 1),
(1266, 'ONGUENT EMULSIFIANT 400 GM EXPERIENCE', '3', 5, 'U7675', '2019-10-19', 1),
(1267, 'ONGUENT EMULSIFIANT 400 GM KIPHARMA', '3', 5, 'U7675', '2019-10-19', 1),
(1268, 'OPELE LOTION', '3', 5, 'U7675', '2019-10-19', 1),
(1269, 'ORACEFAL 125MG/5ML  60ML', '3', 5, 'U7675', '2019-10-19', 1),
(1270, 'ORACEFAL 500MG  CAPS', '4', 5, 'U7675', '2019-10-19', 1),
(1271, 'ORACEFAL SP 250 MG/5 ML', '3', 5, 'U7675', '2019-10-19', 1),
(1272, 'ORAL REHY DRATATION SALT (O.R.S)', '7', 5, 'U7675', '2019-10-19', 1),
(1273, 'ORGAMETRIL 5MG', '12', 5, 'U7675', '2019-10-19', 1),
(1274, 'ORNILOX TAB', '12', 5, 'U7675', '2019-10-19', 1),
(1275, 'OROKEN  40MG/5ML', '3', 5, 'U7675', '2019-10-19', 1),
(1276, 'OROKEN 100MG/5ML', '3', 5, 'U7675', '2019-10-19', 1),
(1277, 'OROKEN 200MG  CPR', '12', 5, 'U7675', '2019-10-19', 1),
(1278, 'ORTHOFEN  CPR  200MG', '12', 5, 'U7675', '2019-10-19', 1),
(1279, 'ORTHOFEN 100MG', '12', 5, 'U7675', '2019-10-19', 1),
(1280, 'OSTEOMIN CPR', '12', 5, 'U7675', '2019-10-19', 1),
(1281, 'OSTNIM (DICLOFENAC 50MG) BT 12', '7', 5, 'U7675', '2019-10-19', 1),
(1282, 'OTIPAX OTIQUE', '3', 5, 'U7675', '2019-10-19', 1),
(1283, 'OTOCALMINE EAR DROP', '3', 5, 'U7675', '2019-10-19', 1),
(1284, 'OTRIVIN ADULT 0.1% IND', '3', 5, 'U7675', '2019-10-19', 1),
(1285, 'OTRIVIN ENF 0.05% IND', '3', 5, 'U7675', '2019-10-19', 1),
(1286, 'OTRIVINE  ADULTE 0.1% EUR', '3', 5, 'U7675', '2019-10-19', 1),
(1287, 'OTRIVINE ENF 0.05% EUR', '3', 5, 'U7675', '2019-10-19', 1),
(1288, 'OVACARE CPR', '12', 5, 'U7675', '2019-10-19', 1),
(1289, 'OXYTOCIN INJ', '1', 5, 'U7675', '2019-10-19', 1),
(1290, 'P.P.F', '1', 5, 'U7675', '2019-10-19', 1),
(1291, 'PAIDOTERIN SYRUP', '3', 5, 'U7675', '2019-10-19', 1),
(1292, 'PAINEX CPR 4\'S', '7', 5, 'U7675', '2019-10-19', 1),
(1293, 'PAMPERS 32\'s', '7', 5, 'U7675', '2019-10-19', 1),
(1294, 'PAMPERS 8\'S', '7', 5, 'U7675', '2019-10-19', 1),
(1295, 'PAMPEX ADULTE', '9', 5, 'U7675', '2019-10-19', 1),
(1296, 'PANADOL TABS', '2', 5, 'U7675', '2019-10-19', 1),
(1297, 'PANSEMENT  ADHESIF', '9', 5, 'U7675', '2019-10-19', 1),
(1298, 'PANTO-DENK 20MG', '12', 5, 'U7675', '2019-10-19', 1),
(1299, 'PANTO-DENK 40MG', '12', 5, 'U7675', '2019-10-19', 1),
(1300, 'PAPAVERINE  40MG  VRAC', '12', 5, 'U7675', '2019-10-19', 1),
(1301, 'PAPAVERINE  40MG/2 ML INJ.', '1', 5, 'U7675', '2019-10-19', 1),
(1302, 'PARACETAMOL  500 MG VRAC', '12', 5, 'U7675', '2019-10-19', 1),
(1303, 'PARACETAMOL  500MG  S/F', '12', 5, 'U7675', '2019-10-19', 1),
(1304, 'PARACETAMOL  JUNIOR', '12', 5, 'U7675', '2019-10-19', 1),
(1305, 'PARACETAMOL  SIROP 60ML', '3', 5, 'U7675', '2019-10-19', 1),
(1306, 'PARACETAMOL  SIROP100ML', '3', 5, 'U7675', '2019-10-19', 1),
(1307, 'PARACETAMOL 125MG SUPPO IND', '11', 5, 'U7675', '2019-10-19', 1),
(1308, 'PARACETAMOL 125MG SUPPO ITALY', '11', 5, 'U7675', '2019-10-19', 1),
(1309, 'PARACETAMOL 250 MG SUPPO', '11', 5, 'U7675', '2019-10-19', 1),
(1310, 'PARACETAMOL 250MG SUPPO IND', '11', 5, 'U7675', '2019-10-19', 1),
(1311, 'PARACO-DENK 500/30MG 20\'S', '7', 5, 'U7675', '2019-10-19', 1),
(1312, 'PARACODINE  CPR', '12', 5, 'U7675', '2019-10-19', 1),
(1313, 'PARAFIZZ 500 MG CPR SOLUBLE', '12', 5, 'U7675', '2019-10-19', 1),
(1314, 'PARLODEL  2,5MG', '12', 5, 'U7675', '2019-10-19', 1),
(1315, 'PARODONTAX GEL 75ML', '13', 5, 'U7675', '2019-10-19', 1),
(1316, 'PAROL 250MG/5ML 100ML', '3', 5, 'U7675', '2019-10-19', 1),
(1317, 'PAROL 500MG', '12', 5, 'U7675', '2019-10-19', 1),
(1318, 'PATE GINGIVALE SPECIA 100ML', '13', 5, 'U7675', '2019-10-19', 1),
(1319, 'PATE GINGIVALE SPECIA 75ML', '13', 5, 'U7675', '2019-10-19', 1),
(1320, 'PECOL (POLYETHYLENE GLYCOL WITH ELECTROLYTES)', '7', 5, 'U7675', '2019-10-19', 1),
(1321, 'PECTYLIN-C SP', '3', 5, 'U7675', '2019-10-19', 1),
(1322, 'PEDIFEN  400MG  CPR', '12', 5, 'U7675', '2019-10-19', 1),
(1323, 'PEDIFEN  SIROP 100MG/5ML 100 ML', '3', 5, 'U7675', '2019-10-19', 1),
(1324, 'PEITEL CREAM', '13', 5, 'U7675', '2019-10-19', 1),
(1325, 'PENI-A-CLOX 250/250 MG CAPS', '4', 5, 'U7675', '2019-10-19', 1),
(1326, 'PENI-V  250MG  CPR ( S/F )', '12', 5, 'U7675', '2019-10-19', 1),
(1327, 'PEPSANE GEL SACHET', '10', 5, 'U7675', '2019-10-19', 1),
(1328, 'PERDOLAN 500MG', '12', 5, 'U7675', '2019-10-19', 1),
(1329, 'PERDOLAN SUPPO BEBE  100MG ( 0-10 KGS )', '11', 5, 'U7675', '2019-10-19', 1),
(1330, 'PERDOLAN SUPPO ENFANT 350MG', '11', 5, 'U7675', '2019-10-19', 1),
(1331, 'PERDOLAN SUPPO JEUNE ENFANT  200MG ( 10-20 KGS )', '11', 5, 'U7675', '2019-10-19', 1),
(1332, 'PERMANGANATE DE POTASSIUM', '12', 5, 'U7675', '2019-10-19', 1),
(1333, 'PEURITOL (HAND SANITIZER SOLUTION) 500ML', '3', 5, 'U7675', '2019-10-19', 1),
(1334, 'PEURITOL (HAND SANITIZER SOLUTION) 50ML', '3', 5, 'U7675', '2019-10-19', 1),
(1335, 'PHARMATEX  OVULE', '6', 5, 'U7675', '2019-10-19', 1),
(1336, 'PHENERGAN 2% CRÈME 30 GM', '13', 5, 'U7675', '2019-10-19', 1),
(1337, 'PHENERGAN SP 150 ML', '3', 5, 'U7675', '2019-10-19', 1),
(1338, 'PHENOBARBITAL  100MG', '12', 5, 'U7675', '2019-10-19', 1),
(1339, 'PHENOBARBITAL  200MG INJ', '1', 5, 'U7675', '2019-10-19', 1),
(1340, 'PHENOBARBITONE 30MG VRAC', '12', 5, 'U7675', '2019-10-19', 1),
(1341, 'PHENYTOIN 100MG TAB S/F', '12', 5, 'U7675', '2019-10-19', 1),
(1342, 'PHENYTOIN 100MG TAB VRAC', '12', 5, 'U7675', '2019-10-19', 1),
(1343, 'PHLEBODIA 600 MG CPR', '12', 5, 'U7675', '2019-10-19', 1),
(1344, 'PHOSPHALUGEL SACHET', '10', 5, 'U7675', '2019-10-19', 1),
(1345, 'PICO SPRAY INSECTIFUGE', '3', 5, 'U7675', '2019-10-19', 1),
(1346, 'PICO STICK INSECTIFUGE', '3', 5, 'U7675', '2019-10-19', 1),
(1347, 'PILOCARPINE NITRATE 2.0% 5ML COLLYRE', '3', 5, 'U7675', '2019-10-19', 1),
(1348, 'PIP OFF', '7', 5, 'U7675', '2019-10-19', 1),
(1349, 'PIROXEN 20 MG BT 12', '7', 5, 'U7675', '2019-10-19', 1),
(1350, 'PIROXEN 20 MG/ML', '1', 5, 'U7675', '2019-10-19', 1),
(1351, 'PIROXICAM  20MG  CAPS', '4', 5, 'U7675', '2019-10-19', 1),
(1352, 'PIVALONE 1% SPRAY', '3', 5, 'U7675', '2019-10-19', 1),
(1353, 'PLAISIR  BT 4', '7', 5, 'U7675', '2019-10-19', 1),
(1354, 'PLAZADOL CAPS', '4', 5, 'U7675', '2019-10-19', 1),
(1355, 'PLUS CAPS', '4', 5, 'U7675', '2019-10-19', 1),
(1356, 'POIRE  DE  LAVEMENT 180 ML', '9', 5, 'U7675', '2019-10-19', 1),
(1357, 'POIRE  DE  LAVEMENT 85 ML', '9', 5, 'U7675', '2019-10-19', 1),
(1358, 'POIRE D\'ASPIRATION 50ML', '7', 5, 'U7675', '2019-10-19', 1),
(1359, 'POLARAMINE   2MG CPR', '12', 5, 'U7675', '2019-10-19', 1),
(1360, 'POLARAMINE SYRUP', '3', 5, 'U7675', '2019-10-19', 1),
(1361, 'POLYDEXA  OTIQUE', '3', 5, 'U7675', '2019-10-19', 1),
(1362, 'POLYGYNAX  OVULE  BT 12', '7', 5, 'U7675', '2019-10-19', 1),
(1363, 'POLYGYNAX  OVULE  BT 6', '7', 5, 'U7675', '2019-10-19', 1),
(1364, 'POLYGYNAX VIRGO BT 6', '7', 5, 'U7675', '2019-10-19', 1),
(1365, 'POLYSILANE UPSA GEL ORAL', '10', 5, 'U7675', '2019-10-19', 1),
(1366, 'POMMADE CAMPHRE  10% 500GM', '3', 5, 'U7675', '2019-10-19', 1),
(1367, 'POMMADE CAMPHRE  10% 800GM', '3', 5, 'U7675', '2019-10-19', 1),
(1368, 'POMMADE CAMPHRE 10% 50GM', '3', 5, 'U7675', '2019-10-19', 1),
(1369, 'POMMADE ICHTYOLEE', '3', 5, 'U7675', '2019-10-19', 1),
(1370, 'POMMADE OXYDE DE ZINC', '3', 5, 'U7675', '2019-10-19', 1),
(1371, 'POMMADE PODOPHYLLINE 10% 15 GM', '13', 5, 'U7675', '2019-10-19', 1),
(1372, 'POMMADE PODOPHYLLINE 5% 15 GM', '13', 5, 'U7675', '2019-10-19', 1),
(1373, 'POSITON CREAM 30GM', '13', 5, 'U7675', '2019-10-19', 1),
(1374, 'POSITON OINTMENT 30GM', '13', 5, 'U7675', '2019-10-19', 1),
(1375, 'POSTAFENE 25 MG CPR', '12', 5, 'U7675', '2019-10-19', 1),
(1376, 'POTENCIATOR ORAL SOL', '1', 5, 'U7675', '2019-10-19', 1),
(1377, 'POTION PECTORAL AD', '3', 5, 'U7675', '2019-10-19', 1),
(1378, 'POTION PECTORAL ENF', '3', 5, 'U7675', '2019-10-19', 1),
(1379, 'POVIDONE  IODINE 10% 200 ML', '3', 5, 'U7675', '2019-10-19', 1),
(1380, 'POWER EDGE 3 DISPOSABLE RPED', '9', 5, 'U7675', '2019-10-19', 1),
(1381, 'PRAZIQUANTEL 600 MG S/F', '12', 5, 'U7675', '2019-10-19', 1),
(1382, 'PRE FRANCE LAIT 400GM', '7', 5, 'U7675', '2019-10-19', 1),
(1383, 'PRED FORTE COLLYRE', '3', 5, 'U7675', '2019-10-19', 1),
(1384, 'PREDNISOLONE  (AUROPRED) 0.5% COLLYRE 5ML', '3', 5, 'U7675', '2019-10-19', 1),
(1385, 'PREDNISOLONE  0.5% COLLYRE 5ML', '3', 5, 'U7675', '2019-10-19', 1),
(1386, 'PREDNISOLONE  S/F', '12', 5, 'U7675', '2019-10-19', 1),
(1387, 'PREDNISOLONE 1%  COLLYRE 5ML', '3', 5, 'U7675', '2019-10-19', 1),
(1388, 'PREDNISOLONE 5 MG VRAC', '12', 5, 'U7675', '2019-10-19', 1),
(1389, 'PREGABALIN 75 MG (LIGABA)', '12', 5, 'U7675', '2019-10-19', 1),
(1390, 'PREGABALIN 75 MG (NEUROGIL)', '12', 5, 'U7675', '2019-10-19', 1),
(1391, 'PREGNASAFE CAPS', '12', 5, 'U7675', '2019-10-19', 1),
(1392, 'PRENATAL CAPS BT 30', '7', 5, 'U7675', '2019-10-19', 1),
(1393, 'PREVENTOR', '7', 5, 'U7675', '2019-10-19', 1),
(1394, 'PRIMOLUT-NOR 10  BT30', '12', 5, 'U7675', '2019-10-19', 1),
(1395, 'PROFEN PLUS BT 10', '7', 5, 'U7675', '2019-10-19', 1),
(1396, 'PROFENID  100 MG  CPR', '12', 5, 'U7675', '2019-10-19', 1),
(1397, 'PROFENID  100MG SUPPO', '11', 5, 'U7675', '2019-10-19', 1),
(1398, 'PROGESTERONE INJ', '1', 5, 'U7675', '2019-10-19', 1),
(1399, 'PROGESTOGEL', '13', 5, 'U7675', '2019-10-19', 1),
(1400, 'PROMETHAZANE 25 MG CPR', '12', 5, 'U7675', '2019-10-19', 1),
(1401, 'PROMETHAZINE 100ML SP', '3', 5, 'U7675', '2019-10-19', 1),
(1402, 'PROMETHAZINE 25MG S/F', '12', 5, 'U7675', '2019-10-19', 1),
(1403, 'PROMETHAZINE 60ML SP', '3', 5, 'U7675', '2019-10-19', 1),
(1404, 'PROMETHAZONE  INJ', '1', 5, 'U7675', '2019-10-19', 1),
(1405, 'PROPRANOLOL 40 MG CPR', '12', 5, 'U7675', '2019-10-19', 1),
(1406, 'PROTEGGI SLIP BT 40', '7', 5, 'U7675', '2019-10-19', 1),
(1407, 'PROTOCREAM OINTMENT', '13', 5, 'U7675', '2019-10-19', 1),
(1408, 'PROVATOR (ATORVASTATIN) 10 MG', '12', 5, 'U7675', '2019-10-19', 1),
(1409, 'PROVATOR (ATORVASTATIN) 20 MG', '12', 5, 'U7675', '2019-10-19', 1),
(1410, 'PROVIRON 25MG CPR', '12', 5, 'U7675', '2019-10-19', 1),
(1411, 'PROZAC (FLUOXETINE) 20MG', '12', 5, 'U7675', '2019-10-19', 1),
(1412, 'PRUDENCE BT 4', '7', 5, 'U7675', '2019-10-19', 1),
(1413, 'PURITY THE BABY CEREAL MIXED FRUIT FLAVOUR 7-36 MO', '7', 5, 'U7675', '2019-10-19', 1),
(1414, 'PURITY THE BABY\'S SOFT PORRIDGE ORIGINAL 6-36 MONT', '7', 5, 'U7675', '2019-10-19', 1),
(1415, 'PYOREX 90 GM', '13', 5, 'U7675', '2019-10-19', 1),
(1416, 'PYRALVEX 10ML', '3', 5, 'U7675', '2019-10-19', 1),
(1417, 'PYRIDOXINE  40MG  VRAC', '12', 5, 'U7675', '2019-10-19', 1),
(1418, 'PYRIDOXINE  50MG  VRAC', '12', 5, 'U7675', '2019-10-19', 1),
(1419, 'QUESTRAN 4GM POUDRE ORALE', '10', 5, 'U7675', '2019-10-19', 1),
(1420, 'QUININE 300MG TAB S/F', '12', 5, 'U7675', '2019-10-19', 1),
(1421, 'QUININE 600MG INJ', '1', 5, 'U7675', '2019-10-19', 1),
(1422, 'RANFERON', '12', 5, 'U7675', '2019-10-19', 1),
(1423, 'RANI-DENK 150MG (RANITIDINE)', '12', 5, 'U7675', '2019-10-19', 1),
(1424, 'RANITIDINE 150 MG CPR', '12', 5, 'U7675', '2019-10-19', 1),
(1425, 'RELCER SP 180 ML', '3', 5, 'U7675', '2019-10-19', 1),
(1426, 'RELIEF CPR BT 10', '7', 5, 'U7675', '2019-10-19', 1),
(1427, 'RELIEVO BT 6', '7', 5, 'U7675', '2019-10-19', 1),
(1428, 'RENITEC 5MG', '12', 5, 'U7675', '2019-10-19', 1),
(1429, 'RENNIE', '12', 5, 'U7675', '2019-10-19', 1),
(1430, 'RESPIBIEN SOLUTION NASAL', '3', 5, 'U7675', '2019-10-19', 1),
(1431, 'RETIDOB CAPS (CALCIUM DOBESILATE) 500 MG', '4', 5, 'U7675', '2019-10-19', 1),
(1432, 'REXEDINE MOUTH WASH', '3', 5, 'U7675', '2019-10-19', 1),
(1433, 'RHINATHIOL  ENFANT', '3', 5, 'U7675', '2019-10-19', 1),
(1434, 'RHINATHIOL ADULTE', '3', 5, 'U7675', '2019-10-19', 1),
(1435, 'RHINATHIOL PROMETHAZINE SP', '3', 5, 'U7675', '2019-10-19', 1),
(1436, 'RHINOBALM', '9', 5, 'U7675', '2019-10-19', 1),
(1437, 'RHUMATIC CREAM', '13', 5, 'U7675', '2019-10-19', 1),
(1438, 'RIFAMYCINE CHIBERT COLLYRE', '3', 5, 'U7675', '2019-10-19', 1),
(1439, 'RILCAPTON 25MG(CAPTOPRIL)', '12', 5, 'U7675', '2019-10-19', 1),
(1440, 'RINGER LACTATE', '3', 5, 'U7675', '2019-10-19', 1),
(1441, 'RIVOTRIL 0.5MG CPR', '12', 5, 'U7675', '2019-10-19', 1),
(1442, 'RIVOTRIL 2MG CPR', '12', 5, 'U7675', '2019-10-19', 1),
(1443, 'RIVOTRIL GTTE', '3', 5, 'U7675', '2019-10-19', 1),
(1444, 'ROACCUTANE 200MG ', '12', 5, 'U7675', '2019-10-19', 1),
(1445, 'ROCMALINE 10 ML AMP', '1', 5, 'U7675', '2019-10-19', 1),
(1446, 'RODOGYL TAB', '12', 5, 'U7675', '2019-10-19', 1),
(1447, 'ROSAPHARM SURGICAL SPIRIT', '3', 5, 'U7675', '2019-10-19', 1),
(1448, 'ROULEAU DE GAZ 90CM X 100YDS', '7', 5, 'U7675', '2019-10-19', 1),
(1449, 'ROULEAU DE GAZ 90CM X 91CM', '7', 5, 'U7675', '2019-10-19', 1),
(1450, 'ROVAMYCINE  1.5M.U.I/1.5M.I.U', '12', 5, 'U7675', '2019-10-19', 1),
(1451, 'ROVAMYCINE  3M.U.I/3M.I.U', '12', 5, 'U7675', '2019-10-19', 1),
(1452, 'RUBEM CREAM 25GM', '13', 5, 'U7675', '2019-10-19', 1),
(1453, 'SALBUTAMOL  4MG  CPR  VRAC', '12', 5, 'U7675', '2019-10-19', 1),
(1454, 'SALBUTAMOL 4MG CPR S/F', '12', 5, 'U7675', '2019-10-19', 1),
(1455, 'SALBUTAMOL INJ', '1', 5, 'U7675', '2019-10-19', 1),
(1456, 'SALBUTAMOL SPRAY', '3', 5, 'U7675', '2019-10-19', 1),
(1457, 'SALBUTAMOL SYRUP 100ML', '3', 5, 'U7675', '2019-10-19', 1),
(1458, 'SALCOF SP', '3', 5, 'U7675', '2019-10-19', 1),
(1459, 'SALIMIA', '3', 5, 'U7675', '2019-10-19', 1),
(1460, 'SANA - A ( BROSSE A DENT ) ', '9', 5, 'U7675', '2019-10-19', 1),
(1461, 'SANA-A CRYSTAL TOOTHPASTE', '7', 5, 'U7675', '2019-10-19', 1),
(1462, 'SANA-A HAPPY FAMILY TOOTHPASTE 3\'S', '7', 5, 'U7675', '2019-10-19', 1),
(1463, 'SAVLON CONCENTRE 1L (CHLORHEXIDINE 1.5% + CETRIMID', '14', 5, 'U7675', '2019-10-19', 1),
(1464, 'SCHERIPROCT PDE  30GM', '13', 5, 'U7675', '2019-10-19', 1),
(1465, 'SCHERIPROCT SUPPO SUPPO', '11', 5, 'U7675', '2019-10-19', 1),
(1466, 'SEA DREAMS PAMPERS 10\'S', '7', 5, 'U7675', '2019-10-19', 1),
(1467, 'SEA DREAMS PAMPERS 20\'S', '7', 5, 'U7675', '2019-10-19', 1),
(1468, 'SEA DREAMS PAMPERS 24\'S', '7', 5, 'U7675', '2019-10-19', 1),
(1469, 'SEA DREAMS PAMPERS 4\'S', '7', 5, 'U7675', '2019-10-19', 1),
(1470, 'SEBAMED 24 CARE DEODORANT', '3', 5, 'U7675', '2019-10-19', 1),
(1471, 'SEBAMED 24HR DEODORANT LIME', '3', 5, 'U7675', '2019-10-19', 1),
(1472, 'SEBAMED AFTER SHAVE BALM FOR MEN 100ML', '3', 5, 'U7675', '2019-10-19', 1),
(1473, 'SEBAMED ANTI AGEING LIFTING EYE Q10 CREAM', '13', 5, 'U7675', '2019-10-19', 1),
(1474, 'SEBAMED BABY BODY MILK', '3', 5, 'U7675', '2019-10-19', 1),
(1475, 'SEBAMED BABY CLEANSING BAR 100 GM', '9', 5, 'U7675', '2019-10-19', 1),
(1476, 'SEBAMED BABY CREAM EXTRA SOFT', '3', 5, 'U7675', '2019-10-19', 1),
(1477, 'SEBAMED BABY LOTION 200 ML', '3', 5, 'U7675', '2019-10-19', 1),
(1478, 'SEBAMED BALSAM SENSITIVE FOR MEN', '3', 5, 'U7675', '2019-10-19', 1),
(1479, 'SEBAMED BODY MILK 200ML', '3', 5, 'U7675', '2019-10-19', 1),
(1480, 'SEBAMED CLEANSING BAR 100 GM', '9', 5, 'U7675', '2019-10-19', 1),
(1481, 'SEBAMED CLEANSING BAR 150 GM', '9', 5, 'U7675', '2019-10-19', 1),
(1482, 'SEBAMED CLEANSING BAR HAND & NAIL BALM 75ML', '3', 5, 'U7675', '2019-10-19', 1),
(1483, 'SEBAMED CLEAR FACE CARE GEL 50 ML', '3', 5, 'U7675', '2019-10-19', 1),
(1484, 'SEBAMED CLEAR FACE CLEANSING BAR 100 GM', '9', 5, 'U7675', '2019-10-19', 1),
(1485, 'SEBAMED EVERY DAY SHAMPOO 200ML', '3', 5, 'U7675', '2019-10-19', 1),
(1486, 'SEBAMED FEMININE INTIMATE WASH PH 3.8 200ML', '3', 5, 'U7675', '2019-10-19', 1),
(1487, 'SEBAMED HAND+NAIL BALM 75 ML', '3', 5, 'U7675', '2019-10-19', 1),
(1488, 'SEBAMED LIP DEFENSE', '9', 5, 'U7675', '2019-10-19', 1),
(1489, 'SEBAMED MOISTURIZING B LOTION 200ML', '3', 5, 'U7675', '2019-10-19', 1),
(1490, 'SEBAMED MOISTURIZING B LOTION 400ML', '3', 5, 'U7675', '2019-10-19', 1),
(1491, 'SEBAMED MOISTURIZING CREAM 50 ML', '13', 5, 'U7675', '2019-10-19', 1),
(1492, 'SEBAMED MULTI PROTECT SUN CREAM 30 HIGH', '3', 5, 'U7675', '2019-10-19', 1),
(1493, 'SEBAMED NOURISHING BODY MILK', '3', 5, 'U7675', '2019-10-19', 1),
(1494, 'SEBAMED SKIN CARE OIL 150 ML (BABY)', '3', 5, 'U7675', '2019-10-19', 1),
(1495, 'SEBAMED SUN CREAM SPF 50+75ML', '3', 5, 'U7675', '2019-10-19', 1),
(1496, 'SECNIDAZOLE (LABGENTIL) BT 4', '7', 5, 'U7675', '2019-10-19', 1),
(1497, 'SEKALGIC SP 100ML', '3', 5, 'U7675', '2019-10-19', 1),
(1498, 'SEKROL  ADULTE SP 150ML', '3', 5, 'U7675', '2019-10-19', 1),
(1499, 'SEKROL  PEDIATRIQUE SP 100ML', '3', 5, 'U7675', '2019-10-19', 1),
(1500, 'SELEXID 200MG CPR', '12', 5, 'U7675', '2019-10-19', 1),
(1501, 'SELSUN SHAMPOO', '3', 5, 'U7675', '2019-10-19', 1),
(1502, 'SENSODYNE  GENTLE WHITENING 75ML', '13', 5, 'U7675', '2019-10-19', 1),
(1503, 'SENSODYNE RAPID 70ML', '13', 5, 'U7675', '2019-10-19', 1),
(1504, 'SENSODYNE RAPID 75ML', '13', 5, 'U7675', '2019-10-19', 1),
(1505, 'SENSODYNE FRESH MINT', '13', 5, 'U7675', '2019-10-19', 1),
(1506, 'SENSODYNE MULTICARE 75ML', '13', 5, 'U7675', '2019-10-19', 1),
(1507, 'SERETIDE SPRAY 250/50 MCG 60 DOSES', '7', 5, 'U7675', '2019-10-19', 1),
(1508, 'SERETIDE SPRAY 500/50 MCG 60 DOSES', '7', 5, 'U7675', '2019-10-19', 1),
(1509, 'SERINGUE  10CC', '9', 5, 'U7675', '2019-10-19', 1),
(1510, 'SERINGUE  5CC', '9', 5, 'U7675', '2019-10-19', 1),
(1511, 'SERINGUE 0.5 CC', '9', 5, 'U7675', '2019-10-19', 1),
(1512, 'SERINGUE 20 CC', '9', 5, 'U7675', '2019-10-19', 1),
(1513, 'SERINGUE 2CC', '9', 5, 'U7675', '2019-10-19', 1);
INSERT INTO `medical_product` (`product_ID`, `product_Nmae`, `category`, `branch_ID`, `institution_code`, `register_date`, `product_status`) VALUES
(1514, 'SERINGUE 50 CC', '9', 5, 'U7675', '2019-10-19', 1),
(1515, 'SERINGUE A INSULINE 1 ML', '9', 5, 'U7675', '2019-10-19', 1),
(1516, 'SERUM ANTI-TETANIQUE (SAT)', '1', 5, 'U7675', '2019-10-19', 1),
(1517, 'SICOMBYL POUDRE 10GM', '7', 5, 'U7675', '2019-10-19', 1),
(1518, 'SILDENAFIL 100 MG CPR', '12', 5, 'U7675', '2019-10-19', 1),
(1519, 'SILDENAFIL 100 MG CPR (NELGRA)', '12', 5, 'U7675', '2019-10-19', 1),
(1520, 'SILDENAFIL 50 MG CPR', '12', 5, 'U7675', '2019-10-19', 1),
(1521, 'SILDENAFIL 50 MG CPR (NELGRA)', '12', 5, 'U7675', '2019-10-19', 1),
(1522, 'SILDENAFIL 50MG (PEFOMAX)', '12', 5, 'U7675', '2019-10-19', 1),
(1523, 'SILVER KANT CREAM 15GM', '13', 5, 'U7675', '2019-10-19', 1),
(1524, 'SILVEREX CREAM', '13', 5, 'U7675', '2019-10-19', 1),
(1525, 'SIMVA-DENK 20MG (SIMVASTATINE)', '12', 5, 'U7675', '2019-10-19', 1),
(1526, 'SINAREST NASALE ADULTE', '3', 5, 'U7675', '2019-10-19', 1),
(1527, 'SINAREST NASALE PEDIATRIQUE', '3', 5, 'U7675', '2019-10-19', 1),
(1528, 'SINUTAB FORTE 500/60 MG', '12', 5, 'U7675', '2019-10-19', 1),
(1529, 'SKINORENE 30GM CRÈME', '13', 5, 'U7675', '2019-10-19', 1),
(1530, 'SMECTA SACHET ', '10', 5, 'U7675', '2019-10-19', 1),
(1531, 'SOFRAMYCINE  GOUTTE NASALES', '13', 5, 'U7675', '2019-10-19', 1),
(1532, 'SOLUTION PHYSIOLOGIQUE', '3', 5, 'U7675', '2019-10-19', 1),
(1533, 'SONADERME CREAM 10GM', '13', 5, 'U7675', '2019-10-19', 1),
(1534, 'SONATEC  MOUTH WASH', '3', 5, 'U7675', '2019-10-19', 1),
(1535, 'SONDE VESICALE 10 G', '9', 5, 'U7675', '2019-10-19', 1),
(1536, 'SONDE VESICALE 18 G', '9', 5, 'U7675', '2019-10-19', 1),
(1537, 'SONDE VESICALE 20 G', '9', 5, 'U7675', '2019-10-19', 1),
(1538, 'SONDE VESICALE 8 G', '9', 5, 'U7675', '2019-10-19', 1),
(1539, 'SOPHTAL COLLYRE', '13', 5, 'U7675', '2019-10-19', 1),
(1540, 'SPARADRAP  5 CMX10 CM', '9', 5, 'U7675', '2019-10-19', 1),
(1541, 'SPARADRAP  5 CMX5CM', '9', 5, 'U7675', '2019-10-19', 1),
(1542, 'SPARADRAP  5CMX2.5 CM', '9', 5, 'U7675', '2019-10-19', 1),
(1543, 'SPARADRAP 10CMX2.7CM', '7', 5, 'U7675', '2019-10-19', 1),
(1544, 'SPARADRAP 7.5 CM', '9', 5, 'U7675', '2019-10-19', 1),
(1545, 'SPARADRAP TISSU PERFORE 18CMX5M', '9', 5, 'U7675', '2019-10-19', 1),
(1546, 'SPASCOL (DROTAVERINE 80MG + PCT 500MG)', '12', 5, 'U7675', '2019-10-19', 1),
(1547, 'SPASFON  INJ', '1', 5, 'U7675', '2019-10-19', 1),
(1548, 'SPASFON CPR', '12', 5, 'U7675', '2019-10-19', 1),
(1549, 'SPASFON LYOC', '12', 5, 'U7675', '2019-10-19', 1),
(1550, 'SPASFON SUPPO', '11', 5, 'U7675', '2019-10-19', 1),
(1551, 'SPECTINOMYCINE 2GM INJ.', '1', 5, 'U7675', '2019-10-19', 1),
(1552, 'SPIRONOLACTONE 100 MG EG', '12', 5, 'U7675', '2019-10-19', 1),
(1553, 'SPIRONOLACTONE 25 MG', '12', 5, 'U7675', '2019-10-19', 1),
(1554, 'SPIRONOLACTONE 25 MG EG', '12', 5, 'U7675', '2019-10-19', 1),
(1555, 'SPOUT CUP DECORATED 200ML/7OZ SCF750/00', '3', 5, 'U7675', '2019-10-19', 1),
(1556, 'STERIMAR BEBE 50ML', '3', 5, 'U7675', '2019-10-19', 1),
(1557, 'STEROFENE(IBUPROFENE) 200MG', '12', 5, 'U7675', '2019-10-19', 1),
(1558, 'STEROVIT 100 ML SP', '3', 5, 'U7675', '2019-10-19', 1),
(1559, 'STEROVIT GOUTTE', '3', 5, 'U7675', '2019-10-19', 1),
(1560, 'STIMOL 1G SACHET', '7', 5, 'U7675', '2019-10-19', 1),
(1561, 'STIMOL 1G/10 ML SOL BUV', '1', 5, 'U7675', '2019-10-19', 1),
(1562, 'STOPACID CPR', '12', 5, 'U7675', '2019-10-19', 1),
(1563, 'STOPACID SP', '12', 5, 'U7675', '2019-10-19', 1),
(1564, 'STREPSILS  SANS SUCRE', '12', 5, 'U7675', '2019-10-19', 1),
(1565, 'STREPSILS  VIT  C CPR', '12', 5, 'U7675', '2019-10-19', 1),
(1566, 'STREPSILS COOL MINT', '12', 5, 'U7675', '2019-10-19', 1),
(1567, 'STREPSILS HONEY& LEMON', '12', 5, 'U7675', '2019-10-19', 1),
(1568, 'STREPSILS MIEL & CITRON CPR', '12', 5, 'U7675', '2019-10-19', 1),
(1569, 'STRESAM 50MG CAPS', '4', 5, 'U7675', '2019-10-19', 1),
(1570, 'STRUMAZOLE 10MG CPR', '12', 5, 'U7675', '2019-10-19', 1),
(1571, 'STUGERON 25 MG CPR', '12', 5, 'U7675', '2019-10-19', 1),
(1572, 'SULFADIAZINE CREAM', '13', 5, 'U7675', '2019-10-19', 1),
(1573, 'SULPHUR OINTMENT 25GM', '13', 5, 'U7675', '2019-10-19', 1),
(1574, 'SUPER WELGRA 100 (SILDENAFIL & DAPOXETINE)', '12', 5, 'U7675', '2019-10-19', 1),
(1575, 'SUPERMAN EAU DE PERFUME', '3', 5, 'U7675', '2019-10-19', 1),
(1576, 'SUPERNET DAWA PLUS', '7', 5, 'U7675', '2019-10-19', 1),
(1577, 'SUPERNET LIFENET', '7', 5, 'U7675', '2019-10-19', 1),
(1578, 'SUPIROCIN 15GM (MUPIROCIN  OINTMENT 2%)', '13', 5, 'U7675', '2019-10-19', 1),
(1579, 'SUPRADYN  EFFERVESCENT BT 10', '13', 5, 'U7675', '2019-10-19', 1),
(1580, 'SUPRADYN  ENERGY BT 30', '7', 5, 'U7675', '2019-10-19', 1),
(1581, 'SUPRADYN VITAL 50+ 30 CPR EFFERV.', '7', 5, 'U7675', '2019-10-19', 1),
(1582, 'SUR\'EAU', '3', 5, 'U7675', '2019-10-19', 1),
(1583, 'SURMENALIT 200 MG', '12', 5, 'U7675', '2019-10-19', 1),
(1584, 'SUTURE NYLON 2/0', '9', 5, 'U7675', '2019-10-19', 1),
(1585, 'TADALAFIL 20MG (TADAFORCE)', '12', 5, 'U7675', '2019-10-19', 1),
(1586, 'TALIA', '7', 5, 'U7675', '2019-10-19', 1),
(1587, 'TAMPAX REGULAR 20', '7', 5, 'U7675', '2019-10-19', 1),
(1588, 'TAMPAX SUPER 30X2PACKS', '7', 5, 'U7675', '2019-10-19', 1),
(1589, 'TAMPAX SUPER PLUS 30X2PACKS', '7', 5, 'U7675', '2019-10-19', 1),
(1590, 'TAMPAX SUPER PLUS 40', '7', 5, 'U7675', '2019-10-19', 1),
(1591, 'TARAX JAVEL BT 45', '7', 5, 'U7675', '2019-10-19', 1),
(1592, 'TASONE CREAM 15GM', '13', 5, 'U7675', '2019-10-19', 1),
(1593, 'TEAT NEWBORN, 1 HOLE NORMAL SFC631/27', '7', 5, 'U7675', '2019-10-19', 1),
(1594, 'TEGRETOL  200MG', '12', 5, 'U7675', '2019-10-19', 1),
(1595, 'TEINTURE D\'IODE 120ML-EXPERIENCE', '3', 5, 'U7675', '2019-10-19', 1),
(1596, 'TEINTURE D\'IODE 120ML-KIPHARMA', '3', 5, 'U7675', '2019-10-19', 1),
(1597, 'TELEBRIX  HYSTERO', '3', 5, 'U7675', '2019-10-19', 1),
(1598, 'TELMI-40 (TELMISARTAN 40 MG)', '12', 5, 'U7675', '2019-10-19', 1),
(1599, 'TELMI-40 H', '12', 5, 'U7675', '2019-10-19', 1),
(1600, 'TELMI-80 H', '12', 5, 'U7675', '2019-10-19', 1),
(1601, 'TEMELIN 10MG(CETRIZINE)', '12', 5, 'U7675', '2019-10-19', 1),
(1602, 'TEMFLAM SP (IBUPROFEN+ PARACETAMOL)', '3', 5, 'U7675', '2019-10-19', 1),
(1603, 'TENORMIN 100MG B/56', '12', 5, 'U7675', '2019-10-19', 1),
(1604, 'TENSIOMETRE DIGITAL', '7', 5, 'U7675', '2019-10-19', 1),
(1605, 'TENSIOMETRE DIGITAL+ADAPTATEUR (CITZEN)', '7', 5, 'U7675', '2019-10-19', 1),
(1606, 'TENSIONORME CPR', '12', 5, 'U7675', '2019-10-19', 1),
(1607, 'TERBINOL 1% 15GM CRÈME (TERBINAFINE)', '13', 5, 'U7675', '2019-10-19', 1),
(1608, 'TERPONE 180 ML SP AD', '3', 5, 'U7675', '2019-10-19', 1),
(1609, 'TERPONE 180 ML SP ENF', '3', 5, 'U7675', '2019-10-19', 1),
(1610, 'TERRA-CORTIL 5ML COLLYRE', '13', 5, 'U7675', '2019-10-19', 1),
(1611, 'TEST  RAPIDE  DE  MALARIA', '9', 5, 'U7675', '2019-10-19', 1),
(1612, 'TEST DE GROSSESSE', '9', 5, 'U7675', '2019-10-19', 1),
(1613, 'TESTOVIRON DEPOT 250 MG INJ', '1', 5, 'U7675', '2019-10-19', 1),
(1614, 'TETRACYCLINE  OPHT', '13', 5, 'U7675', '2019-10-19', 1),
(1615, 'TETRACYCLINE 250MG S/F', '4', 5, 'U7675', '2019-10-19', 1),
(1616, 'TETRACYCLINE CAPS 250 MG VRAC', '4', 5, 'U7675', '2019-10-19', 1),
(1617, 'TETRACYCLINE SKIN OINTMENT 3%', '13', 5, 'U7675', '2019-10-19', 1),
(1618, 'THERMO CREAM 40 GM', '13', 5, 'U7675', '2019-10-19', 1),
(1619, 'THERMOMETRE A INFRA-ROUGE', '9', 5, 'U7675', '2019-10-19', 1),
(1620, 'THERMOMETRE DIGITAL', '9', 5, 'U7675', '2019-10-19', 1),
(1621, 'THERMOMETRE MEDICAL A MERCURE(MEDISAFE)', '9', 5, 'U7675', '2019-10-19', 1),
(1622, 'THERMOMETRE MEDICAL A MERCURE(PRIST)', '9', 5, 'U7675', '2019-10-19', 1),
(1623, 'THIAMINE 100 MG CPR', '12', 5, 'U7675', '2019-10-19', 1),
(1624, 'THIAMINE INJ', '1', 5, 'U7675', '2019-10-19', 1),
(1625, 'THIOBACTIN  500MG  CPR', '12', 5, 'U7675', '2019-10-19', 1),
(1626, 'THIOBACTIN 250 MG CPR', '12', 5, 'U7675', '2019-10-19', 1),
(1627, 'THIOBACTIN 250 MG/5ML', '3', 5, 'U7675', '2019-10-19', 1),
(1628, 'TIBERAL 500MG CPR', '12', 5, 'U7675', '2019-10-19', 1),
(1629, 'TIGE COTTON 100/PLASTIC BAG', '7', 5, 'U7675', '2019-10-19', 1),
(1630, 'TIGE COTTON 200/PLASTIC BAG', '7', 5, 'U7675', '2019-10-19', 1),
(1631, 'TIGE COTTON 55/PLASTIC BAG ENFANT', '7', 5, 'U7675', '2019-10-19', 1),
(1632, 'TIMOLOL  0.5% COLLYRE', '3', 5, 'U7675', '2019-10-19', 1),
(1633, 'TIMOPTOL 0.5% COLLYRE', '3', 5, 'U7675', '2019-10-19', 1),
(1634, 'TINIDAZOLE 500 MG CPR', '12', 5, 'U7675', '2019-10-19', 1),
(1635, 'TINUVIN TAB 200MG (KETOCONAZOLE )', '12', 5, 'U7675', '2019-10-19', 1),
(1636, 'TIRE LAIT', '9', 5, 'U7675', '2019-10-19', 1),
(1637, 'TISANE (RICHTERS TISANE)', '7', 5, 'U7675', '2019-10-19', 1),
(1638, 'TISANE N° 10 ERNST (AMINCISSANTE)', '7', 5, 'U7675', '2019-10-19', 1),
(1639, 'TISANE N° 2 ERNST (DEPURATIVE TRANSIT)', '7', 5, 'U7675', '2019-10-19', 1),
(1640, 'TITANOREINE  SUPPO', '11', 5, 'U7675', '2019-10-19', 1),
(1641, 'TITANOREINE 2% A LIDOCAINE CRÈME 20 GM', '13', 5, 'U7675', '2019-10-19', 1),
(1642, 'TOBREX OINTMENT OPHT', '3', 5, 'U7675', '2019-10-19', 1),
(1643, 'TOFRANIL 25MG ', '12', 5, 'U7675', '2019-10-19', 1),
(1644, 'TOILET BLOCK', '9', 5, 'U7675', '2019-10-19', 1),
(1645, 'TOPICREM REPARATRICE 40ML', '3', 5, 'U7675', '2019-10-19', 1),
(1646, 'TOPICREM SECHERESSE CRÈME  REPARATRICE 200ML', '3', 5, 'U7675', '2019-10-19', 1),
(1647, 'TOPICREM ULTRAHYDRA CORPS 500ML', '3', 5, 'U7675', '2019-10-19', 1),
(1648, 'TOPLEXIL SP', '3', 5, 'U7675', '2019-10-19', 1),
(1649, 'TOREX CPR BT 10', '7', 5, 'U7675', '2019-10-19', 1),
(1650, 'TOT\'HEMA', '1', 5, 'U7675', '2019-10-19', 1),
(1651, 'TRAMACETAL  CAPS BT 10', '7', 5, 'U7675', '2019-10-19', 1),
(1652, 'TRAMADIS  50MG INJ ', '1', 5, 'U7675', '2019-10-19', 1),
(1653, 'TRAMADIS 50MG BT10', '7', 5, 'U7675', '2019-10-19', 1),
(1654, 'TRAMADOL  50MG  CAPS', '4', 5, 'U7675', '2019-10-19', 1),
(1655, 'TRAMADOL INJ 50MG', '1', 5, 'U7675', '2019-10-19', 1),
(1656, 'TRAMAZAC INJ 50MG', '1', 5, 'U7675', '2019-10-19', 1),
(1657, 'TRANEXANAMIC ACID CPR 500 MG (PAUSE)', '12', 5, 'U7675', '2019-10-19', 1),
(1658, 'TRANXENE 10MG  TAB', '12', 5, 'U7675', '2019-10-19', 1),
(1659, 'TRANXENE 5MG  TAB', '12', 5, 'U7675', '2019-10-19', 1),
(1660, 'TRAUSAN GOUTTES 50ML', '3', 5, 'U7675', '2019-10-19', 1),
(1661, 'TRES ORIX FORTE SOL 100ML', '3', 5, 'U7675', '2019-10-19', 1),
(1662, 'TRES ORIX FORTE SOL 250ML', '3', 5, 'U7675', '2019-10-19', 1),
(1663, 'TRES ORIX FORTE TAB', '12', 5, 'U7675', '2019-10-19', 1),
(1664, 'TRIALGIC CAPS BT 24', '7', 5, 'U7675', '2019-10-19', 1),
(1665, 'TRIATEC 10MG', '12', 5, 'U7675', '2019-10-19', 1),
(1666, 'TRIBEES FORTE CPR', '12', 5, 'U7675', '2019-10-19', 1),
(1667, 'TRIMEX ADULT COUGH SYRUP', '3', 5, 'U7675', '2019-10-19', 1),
(1668, 'TRIMEX DIABETIC SYRUP 100ML', '3', 5, 'U7675', '2019-10-19', 1),
(1669, 'TRITAZIDE CPR BT 28', '7', 5, 'U7675', '2019-10-19', 1),
(1670, 'TROBICIN INJ 2GM', '1', 5, 'U7675', '2019-10-19', 1),
(1671, 'TROUSSE DE PERFUSION', '9', 5, 'U7675', '2019-10-19', 1),
(1672, 'TULLE  GRAS', '9', 5, 'U7675', '2019-10-19', 1),
(1673, 'ULCAR 1GM SUSP BUVABLE', '10', 5, 'U7675', '2019-10-19', 1),
(1674, 'ULGICID SP 200 ML', '3', 5, 'U7675', '2019-10-19', 1),
(1675, 'ULTRA-LEVURE 50MG  CAPS', '12', 5, 'U7675', '2019-10-19', 1),
(1676, 'ULTRA-LEVURE SACHET 250MG', '10', 5, 'U7675', '2019-10-19', 1),
(1677, 'ULTRAPROCT POMMADE 30GR', '13', 5, 'U7675', '2019-10-19', 1),
(1678, 'UNI DIAMICRON 60MG', '12', 5, 'U7675', '2019-10-19', 1),
(1679, 'UNIBROL 250MG TAB', '12', 5, 'U7675', '2019-10-19', 1),
(1680, 'UNIBROL SP 60 ML', '3', 5, 'U7675', '2019-10-19', 1),
(1681, 'UNICOLD PLUS  CPR BT 4', '7', 5, 'U7675', '2019-10-19', 1),
(1682, 'UNIGEL SP 180ML', '3', 5, 'U7675', '2019-10-19', 1),
(1683, 'UNIGENTYL CPR BT 4', '7', 5, 'U7675', '2019-10-19', 1),
(1684, 'UNISTEN 20GM', '13', 5, 'U7675', '2019-10-19', 1),
(1685, 'URGENIN   GOUTTE', '3', 5, 'U7675', '2019-10-19', 1),
(1686, 'URINAL BLOCK', '9', 5, 'U7675', '2019-10-19', 1),
(1687, 'URISPAN 200MG B/40', '12', 5, 'U7675', '2019-10-19', 1),
(1688, 'UTRAPROCT PDE', '13', 5, 'U7675', '2019-10-19', 1),
(1689, 'UTROGESTAN  100MG', '12', 5, 'U7675', '2019-10-19', 1),
(1690, 'UTROGESTAN  200MG VAGINAL', '12', 5, 'U7675', '2019-10-19', 1),
(1691, 'V WASH PLUS 100ML', '7', 5, 'U7675', '2019-10-19', 1),
(1692, 'VACCIN ANTIRABIQUE', '1', 5, 'U7675', '2019-10-19', 1),
(1693, 'VACONTIL 2MG(LOPERAMIDE)', '12', 5, 'U7675', '2019-10-19', 1),
(1694, 'VAGID-CL (CLINDAMYCIN+CLOTRIMAZOLE) VAGINAL SUPPO', '7', 5, 'U7675', '2019-10-19', 1),
(1695, 'VALORAN 1GM (CEFOTAXIME) INJ', '1', 5, 'U7675', '2019-10-19', 1),
(1696, 'VASELINE 150 GM APIPHARMA', '3', 5, 'U7675', '2019-10-19', 1),
(1697, 'VASELINE 150 GM EXPERIENCE', '3', 5, 'U7675', '2019-10-19', 1),
(1698, 'VASELINE 150 GM KIPHARMA', '3', 5, 'U7675', '2019-10-19', 1),
(1699, 'VASELINE 250 GM (ZOE)', '7', 5, 'U7675', '2019-10-19', 1),
(1700, 'VASELINE 250 GM APIPHARMA', '3', 5, 'U7675', '2019-10-19', 1),
(1701, 'VASELINE 250 GM EXPERIENCE', '3', 5, 'U7675', '2019-10-19', 1),
(1702, 'VASELINE 250 GM KIPHARMA', '3', 5, 'U7675', '2019-10-19', 1),
(1703, 'VASELINE 500 GM APIPHARMA', '3', 5, 'U7675', '2019-10-19', 1),
(1704, 'VASELINE 500 GM EXPERIENCE', '3', 5, 'U7675', '2019-10-19', 1),
(1705, 'VASELINE 500 GM KIPHARMA', '3', 5, 'U7675', '2019-10-19', 1),
(1706, 'VASELINE 900 GM KIPHARMA', '3', 5, 'U7675', '2019-10-19', 1),
(1707, 'VASELINE MEDICAL 250 GM (LE MEDICAL)', '3', 5, 'U7675', '2019-10-19', 1),
(1708, 'VASELINE MEDICAL 500 GM (LE MEDICAL)', '3', 5, 'U7675', '2019-10-19', 1),
(1709, 'VASELINE MEDICALE 250MG', '13', 5, 'U7675', '2019-10-19', 1),
(1710, 'VASELINE MEDICALE 500MG', '13', 5, 'U7675', '2019-10-19', 1),
(1711, 'VASELINE SWAB (TULLE GRAS)', '9', 5, 'U7675', '2019-10-19', 1),
(1712, 'VATIKA DERMOVIVA ANTI AGEING SOAP', '9', 5, 'U7675', '2019-10-19', 1),
(1713, 'VENOSMIL 200 MG CPS', '4', 5, 'U7675', '2019-10-19', 1),
(1714, 'VENOSMIL 2% GEL 60 GM', '13', 5, 'U7675', '2019-10-19', 1),
(1715, 'VENTOLIN NEUBLISEUR 2.5MG B/20', '1', 5, 'U7675', '2019-10-19', 1),
(1716, 'VENTOLINE 2MG CPR', '12', 5, 'U7675', '2019-10-19', 1),
(1717, 'VENTOLINE SPAY 100 MCG/DOSE 200 DOSES', '3', 5, 'U7675', '2019-10-19', 1),
(1718, 'VENTOLINE SYRUP 150ML', '3', 5, 'U7675', '2019-10-19', 1),
(1719, 'VERMOX 100 MG BT 6', '7', 5, 'U7675', '2019-10-19', 1),
(1720, 'VERMOX 500 MG BT 1', '12', 5, 'U7675', '2019-10-19', 1),
(1721, 'VERMOX SP 30ML', '3', 5, 'U7675', '2019-10-19', 1),
(1722, 'VERZOL 400 MG CPR', '12', 5, 'U7675', '2019-10-19', 1),
(1723, 'VERZOL SP 400 MG/10 ML', '3', 5, 'U7675', '2019-10-19', 1),
(1724, 'VIBROCIL GTTEE NASAL 15ML', '3', 5, 'U7675', '2019-10-19', 1),
(1725, 'VICKS RESPIRATOIRE', '7', 5, 'U7675', '2019-10-19', 1),
(1726, 'VIFEX SYRUP 100ML', '3', 5, 'U7675', '2019-10-19', 1),
(1727, 'VIOLET DE GENTIANE 20ML', '3', 5, 'U7675', '2019-10-19', 1),
(1728, 'VIOLET DE GENTIANE 25GM POWDER', '7', 5, 'U7675', '2019-10-19', 1),
(1729, 'VISINE COLLYRE', '3', 5, 'U7675', '2019-10-19', 1),
(1730, 'VISIODIS 10ML EYE DROP', '3', 5, 'U7675', '2019-10-19', 1),
(1731, 'VIT  K1', '1', 5, 'U7675', '2019-10-19', 1),
(1732, 'VIT B COMPLEX CPR VRAC', '12', 5, 'U7675', '2019-10-19', 1),
(1733, 'VIT B COMPLEX INJ', '1', 5, 'U7675', '2019-10-19', 1),
(1734, 'VIT B COMPLEX S/F', '12', 5, 'U7675', '2019-10-19', 1),
(1735, 'VIT B6 INJ', '1', 5, 'U7675', '2019-10-19', 1),
(1736, 'VIT C (LIMCEE)', '12', 5, 'U7675', '2019-10-19', 1),
(1737, 'VIT C 500MG TAB VRAC', '12', 5, 'U7675', '2019-10-19', 1),
(1738, 'VITAMINE-B-DENK (B1, B6)', '12', 5, 'U7675', '2019-10-19', 1),
(1739, 'VOLINI GEL', '13', 5, 'U7675', '2019-10-19', 1),
(1740, 'VOLTARENE 100MG SUPPO', '11', 5, 'U7675', '2019-10-19', 1),
(1741, 'VOLTARENE EMULGEL 50GM', '13', 5, 'U7675', '2019-10-19', 1),
(1742, 'VOLTARENE RETARD  100MG CPR', '12', 5, 'U7675', '2019-10-19', 1),
(1743, 'WARFARINE 5MG (MAREVAN)', '12', 5, 'U7675', '2019-10-19', 1),
(1744, 'WHITEDENT TOOTHBRUSH ADVANCED', '9', 5, 'U7675', '2019-10-19', 1),
(1745, 'WHITEDENT TOOTHBRUSH KID', '9', 5, 'U7675', '2019-10-19', 1),
(1746, 'WHITEDENT TOOTHBRUSH MASSAGE', '9', 5, 'U7675', '2019-10-19', 1),
(1747, 'WHITEFIELD\'S OINTMENT 20GM', '13', 5, 'U7675', '2019-10-19', 1),
(1748, 'WINDERM CREAM', '13', 5, 'U7675', '2019-10-19', 1),
(1749, 'XANAX  CPR', '12', 5, 'U7675', '2019-10-19', 1),
(1750, 'XERIALINE FLUIDE 500ML', '3', 5, 'U7675', '2019-10-19', 1),
(1751, 'XYLOMETAZOLINE ADULTE (NARISOL)', '3', 5, 'U7675', '2019-10-19', 1),
(1752, 'XYLOMETAZOLINE ADULTE NASAL', '3', 5, 'U7675', '2019-10-19', 1),
(1753, 'XYLOMETAZOLINE ENFANT (NARISOL)', '3', 5, 'U7675', '2019-10-19', 1),
(1754, 'XYLOMETAZOLINE ENFANT NASAL', '3', 5, 'U7675', '2019-10-19', 1),
(1755, 'YOMESAN TAB 500MG 4\'S', '7', 5, 'U7675', '2019-10-19', 1),
(1756, 'ZADITEN  CAPS', '12', 5, 'U7675', '2019-10-19', 1),
(1757, 'ZADITEN SYRUP 150ML', '3', 5, 'U7675', '2019-10-19', 1),
(1758, 'ZEDCAL CPR', '12', 5, 'U7675', '2019-10-19', 1),
(1759, 'ZEDCAL SUSP 200 ML', '3', 5, 'U7675', '2019-10-19', 1),
(1760, 'ZEMAN SX CAPS', '4', 5, 'U7675', '2019-10-19', 1),
(1761, 'ZENTEL 400 MG', '12', 5, 'U7675', '2019-10-19', 1),
(1762, 'ZENTEL SP ', '3', 5, 'U7675', '2019-10-19', 1),
(1763, 'ZERO BACTERIA 25ML SPRAY ANTIBACTERIE', '3', 5, 'U7675', '2019-10-19', 1),
(1764, 'ZERO BACTERIA 50ML MOUSSE ANTIBACTERIE', '3', 5, 'U7675', '2019-10-19', 1),
(1765, 'ZINC SULFATE', '12', 5, 'U7675', '2019-10-19', 1),
(1766, 'ZINNAT  40ML ( 125/5ML )', '3', 5, 'U7675', '2019-10-19', 1),
(1767, 'ZINNAT 250 MG CPR', '12', 5, 'U7675', '2019-10-19', 1),
(1768, 'ZINNAT 80 ML SP', '3', 5, 'U7675', '2019-10-19', 1),
(1769, 'ZOOM CONDOMS BT 3', '7', 5, 'U7675', '2019-10-19', 1),
(1770, 'ZWITSAL CRÈME DOUCE', '3', 5, 'U7675', '2019-10-19', 1),
(1771, 'ZWITSAL HUILE BB 200 ML', '3', 5, 'U7675', '2019-10-19', 1),
(1772, 'ZWITSAL LAIT CORPOREL', '3', 5, 'U7675', '2019-10-19', 1),
(1773, 'ZWITSAL LAIT LOTION 200ML', '3', 5, 'U7675', '2019-10-19', 1),
(1774, 'ZWITSAL LINGETTES B/72', '7', 5, 'U7675', '2019-10-19', 1),
(1775, 'ZWITSAL POUDRE', '7', 5, 'U7675', '2019-10-19', 1),
(1776, 'ZWITSAL SAVON BEBE 2X90GM', '7', 5, 'U7675', '2019-10-19', 1),
(1777, 'ZWITSAL SHAMPOO 400ML', '3', 5, 'U7675', '2019-10-19', 1),
(1778, 'ZYLORIC  CPR 100 MG', '12', 5, 'U7675', '2019-10-19', 1),
(1779, 'ZYLORIC  CPR 300 MG', '12', 5, 'U7675', '2019-10-19', 1),
(1780, 'ZYLORIC CPR 200MG', '12', 5, 'U7675', '2019-10-19', 1),
(1781, 'ZYMAFLUOR  0,25MG 200\'S', '7', 5, 'U7675', '2019-10-19', 1),
(1782, 'ZYMAFLUOR  1MG 100\'S', '7', 5, 'U7675', '2019-10-19', 1),
(1783, 'ZYMAFLUOR 1MG BT100', '7', 5, 'U7675', '2019-10-19', 1),
(1784, 'ZYRTEC 10MG', '12', 5, 'U7675', '2019-10-19', 1),
(1785, 'PARODONTAX ORIGINAL 75 ML', '13', 5, 'U7675', '2019-10-19', 1);

-- --------------------------------------------------------

--
-- Table structure for table `medical_selling_price`
--

CREATE TABLE `medical_selling_price` (
  `selling_ID` int(11) NOT NULL,
  `product_ID` varchar(11) NOT NULL,
  `selling_price` varchar(11) NOT NULL,
  `user_id` int(11) NOT NULL,
  `branch_ID` int(11) NOT NULL,
  `changing_date` date NOT NULL,
  `selling_price_status` enum('0','1') NOT NULL DEFAULT '0'
) ENGINE=InnoDB DEFAULT CHARSET=utf8;

-- --------------------------------------------------------

--
-- Table structure for table `phar_branch`
--

CREATE TABLE `phar_branch` (
  `branch_ID` int(11) NOT NULL,
  `branch_name` varchar(60) NOT NULL,
  `institution_code` varchar(45) NOT NULL,
  `branch_province` varchar(60) NOT NULL,
  `brannch_district` varchar(60) NOT NULL,
  `branch_region` varchar(60) NOT NULL,
  `inserted_user` varchar(60) NOT NULL,
  `inserted_date` date NOT NULL,
  `branch_status` enum('0','1') NOT NULL DEFAULT '0'
) ENGINE=InnoDB DEFAULT CHARSET=utf8;

--
-- Dumping data for table `phar_branch`
--

INSERT INTO `phar_branch` (`branch_ID`, `branch_name`, `institution_code`, `branch_province`, `brannch_district`, `branch_region`, `inserted_user`, `inserted_date`, `branch_status`) VALUES
(4, 'HEADQUATER', '', 'Western', 'RUBAVU', 'GISENYI', '8', '2019-09-29', '1'),
(5, 'PHARMACIE MALIK LTD', 'U7675', 'Western', 'RUBAVU', 'GISENYI', '29', '2019-10-13', '1'),
(6, 'GOOD LIFE PHARMACY LTD', 'U7675', 'Western', 'NYABIHU', 'BIGOGWE', '29', '2019-10-13', '1'),
(7, 'GOOD LIFE PHARMACY LTD/ SHYIRA BRANCH', 'U7675', 'Northern', 'NYABIHU', 'SHYIRA', '29', '2019-10-15', '1');

-- --------------------------------------------------------

--
-- Table structure for table `phar_institution`
--

CREATE TABLE `phar_institution` (
  `institution_id` int(11) NOT NULL,
  `institution_name` varchar(60) NOT NULL,
  `institution_email` varchar(60) NOT NULL,
  `institution_phone` varchar(50) NOT NULL,
  `institution_code` varchar(45) NOT NULL,
  `institution_TIN` varchar(45) NOT NULL,
  `institution_location` varchar(45) NOT NULL,
  `registered_by` int(11) NOT NULL,
  `reg_date` date NOT NULL,
  `institution_status` enum('0','1') NOT NULL DEFAULT '0'
) ENGINE=InnoDB DEFAULT CHARSET=latin1;

--
-- Dumping data for table `phar_institution`
--

INSERT INTO `phar_institution` (`institution_id`, `institution_name`, `institution_email`, `institution_phone`, `institution_code`, `institution_TIN`, `institution_location`, `registered_by`, `reg_date`, `institution_status`) VALUES
(1, 'UMUCYO', 'umucyo@gmail.com', '+250782289359', 'superAdmin', '101989687', 'GISENYI', 1, '2019-10-13', '0'),
(2, 'UBUMWE', 'ubumwe@gmail.com', '+2507665999622', 'U7675', '101587658', 'GISENYI', 16, '2019-10-13', '0');

-- --------------------------------------------------------

--
-- Table structure for table `purchase_medical_product`
--

CREATE TABLE `purchase_medical_product` (
  `purchase_ID` int(11) NOT NULL,
  `product_name` varchar(45) NOT NULL,
  `purchase_price` float NOT NULL,
  `selling_price` int(11) NOT NULL,
  `product_category` varchar(45) NOT NULL,
  `batch_number` varchar(50) NOT NULL,
  `product_quantity` varchar(45) NOT NULL,
  `user_id` int(11) NOT NULL,
  `branch_ID` int(11) NOT NULL,
  `institution_code` varchar(45) NOT NULL,
  `expired_date` date NOT NULL,
  `purchase_date` date NOT NULL,
  `purchase_status` int(11) NOT NULL,
  `expired_qty` varchar(45) DEFAULT NULL
) ENGINE=InnoDB DEFAULT CHARSET=utf8;

--
-- Dumping data for table `purchase_medical_product`
--

INSERT INTO `purchase_medical_product` (`purchase_ID`, `product_name`, `purchase_price`, `selling_price`, `product_category`, `batch_number`, `product_quantity`, `user_id`, `branch_ID`, `institution_code`, `expired_date`, `purchase_date`, `purchase_status`, `expired_qty`) VALUES
(1, '1622', 500, 1000, '9', 'ANCIEN', '4', 37, 5, 'U7675', '2020-05-31', '2019-10-19', 1, ''),
(2, '544', 750, 1000, '7', '23239', '11', 37, 5, 'U7675', '2022-05-31', '2019-10-19', 1, ''),
(3, '553', 375, 600, '7', '0551', '6', 37, 5, 'U7675', '2021-10-31', '2019-10-19', 1, ''),
(4, '945', 450, 700, '7', '1298FZ', '8', 37, 5, 'U7675', '2021-04-30', '2019-10-19', 1, ''),
(5, '623', 1650, 2500, '9', '70276', '2', 37, 5, 'U7675', '2020-04-30', '2019-10-19', 1, ''),
(6, '624', 2250, 2900, '9', '81478', '4', 37, 5, 'U7675', '2023-04-30', '2019-10-19', 1, ''),
(7, '1227', 2100, 3500, '9', '73710907CP', '3', 37, 5, 'U7675', '2022-09-30', '2019-10-19', 1, ''),
(9, '1620', 1900, 3000, '9', '18122730', '4', 37, 5, 'U7675', '2030-12-31', '2019-10-19', 1, ''),
(10, '255', 30, 100, '9', 'VC1805520', '106', 37, 5, 'U7675', '2023-08-31', '2019-10-19', 1, ''),
(11, '192', 125, 200, '9', '171102', '8', 37, 5, 'U7675', '2022-11-30', '2019-10-19', 1, ''),
(12, '1776', 4500, 6200, '7', '73546DX', '2', 37, 5, 'U7675', '2030-12-31', '2019-10-19', 1, ''),
(13, '1773', 7500, 10000, '3', '90214', '3', 37, 5, 'U7675', '2030-12-30', '2019-10-19', 1, ''),
(14, '1770', 6500, 9000, '3', '81227', '2', 37, 5, 'U7675', '2030-12-30', '2019-10-19', 1, ''),
(15, '1647', 13500, 18000, '3', 'C4740', '1', 37, 5, 'U7675', '2021-10-31', '2019-10-19', 1, ''),
(16, '1166', 13000, 18000, '3', 'K522', '4', 37, 5, 'U7675', '2021-09-30', '2019-10-19', 1, ''),
(17, '1163', 5400, 7800, '9', 'K123', '2', 37, 5, 'U7675', '2021-07-30', '2019-10-19', 1, ''),
(18, '1160', 12000, 18000, '13', 'J159', '2', 37, 5, 'U7675', '2020-07-30', '2019-10-19', 1, ''),
(19, '296', 1500, 2400, '3', '10181307', '2', 37, 5, 'U7675', '2021-05-30', '2019-10-19', 1, ''),
(20, '246', 4500, 6500, '3', '00010071', '2', 37, 5, 'U7675', '2023-08-31', '2019-10-19', 1, ''),
(21, '623', 1650, 2500, '9', '7127J', '2', 37, 5, 'U7675', '2023-03-31', '2019-10-19', 1, ''),
(22, '663', 4400, 6000, '13', 'G99328', '2', 37, 5, 'U7675', '2021-10-30', '2019-10-19', 1, ''),
(23, '773', 7000, 10500, '13', 'C47', '2', 37, 5, 'U7675', '2021-04-30', '2019-10-19', 1, ''),
(24, '786', 5200, 7800, '13', '90439930', '4', 37, 5, 'U7675', '2021-01-12', '2019-10-19', 1, ''),
(25, '788', 2750, 4300, '13', '9212GG30', '2', 37, 5, 'U7675', '2021-03-30', '2019-10-19', 1, ''),
(26, '787', 3800, 6000, '13', '9053GG90', '2', 37, 5, 'U7675', '2021-01-22', '2019-10-19', 1, ''),
(27, '732', 5000, 8000, '3', '3144', '4', 37, 5, 'U7675', '2022-01-31', '2019-10-19', 1, ''),
(28, '1315', 4750, 7200, '13', '81192KWB', '1', 37, 5, 'U7675', '2021-03-29', '2019-10-19', 1, ''),
(29, '1785', 4750, 7200, '13', '90442', '2', 37, 5, 'U7675', '2021-04-30', '2019-10-19', 1, ''),
(30, '1318', 5000, 7500, '13', '805052', '1', 37, 5, 'U7675', '2021-06-30', '2019-10-19', 1, ''),
(31, '673', 3800, 5000, '13', '8249PL1124', '1', 37, 5, 'U7675', '2030-12-31', '2019-10-19', 1, ''),
(32, '672', 3500, 5500, '13', '8235PL1134', '1', 37, 5, 'U7675', '2030-12-30', '2019-10-19', 1, ''),
(33, '1502', 4150, 6000, '13', 'E040', '2', 37, 5, 'U7675', '2020-10-10', '2019-10-19', 1, ''),
(34, '1503', 3000, 6000, '13', '90435', '3', 37, 5, 'U7675', '2021-04-30', '2019-10-19', 1, ''),
(35, '679', 5400, 8000, '13', 'FE8062', '2', 37, 5, 'U7675', '2021-02-28', '2019-10-19', 1, ''),
(36, '884', 5600, 8900, '3', 'L3798CR', '4', 37, 5, 'U7675', '2020-07-31', '2019-10-19', 1, ''),
(37, '220', 2100, 3200, '3', '321712', '2', 37, 5, 'U7675', '2020-09-30', '2019-10-19', 1, ''),
(38, '495', 4000, 6200, '13', 'IIB1800', '1', 37, 5, 'U7675', '2021-08-30', '2019-10-19', 1, ''),
(39, '1612', 60, 500, '9', '20180825', '45', 37, 5, 'U7675', '2021-08-24', '2019-10-19', 1, ''),
(40, '1534', 1500, 2500, '3', '180843', '2', 37, 5, 'U7675', '2021-03-30', '2019-10-19', 1, ''),
(41, '1011', 3000, 5000, '3', '318121', '2', 37, 5, 'U7675', '2021-01-31', '2019-10-19', 1, ''),
(42, '1008', 3000, 5000, '3', '315928', '2', 37, 5, 'U7675', '2020-07-30', '2019-10-19', 1, ''),
(43, '1432', 1000, 2000, '3', '5804244', '1', 37, 5, 'U7675', '2021-08-30', '2019-10-19', 1, ''),
(44, '636', 2100, 4000, '3', '41602C', '4', 37, 5, 'U7675', '2021-10-30', '2019-10-19', 1, ''),
(45, '1174', 950, 1500, '3', '0003', '9', 37, 5, 'U7675', '2022-07-30', '2019-10-19', 1, ''),
(46, '958', 2900, 4500, '3', '10190573', '2', 37, 5, 'U7675', '2021-02-25', '2019-10-19', 1, ''),
(47, '1501', 6700, 10100, '3', 'C2E09', '1', 37, 5, 'U7675', '2019-11-30', '2019-10-19', 1, ''),
(48, '216', 6400, 10000, '13', 'GPO1J19', '4', 37, 5, 'U7675', '2021-03-30', '2019-10-19', 1, ''),
(49, '247', 1300, 2500, '3', 'FE189', '2', 37, 5, 'U7675', '2021-06-04', '2019-10-19', 1, ''),
(50, '1348', 600, 1500, '13', 'PG-014', '15', 37, 5, 'U7675', '2020-06-30', '2019-10-19', 1, ''),
(51, '498', 10000, 15000, '3', 'AK9499', '4', 37, 5, 'U7675', '2020-11-30', '2019-10-19', 1, ''),
(52, '973', 3600, 5500, '13', '90442410', '2', 37, 5, 'U7675', '2030-12-31', '2019-10-19', 1, ''),
(53, '1475', 2000, 3000, '9', '70089321', '5', 37, 5, 'U7675', '2020-11-30', '2019-10-19', 1, ''),
(54, '1480', 1800, 3000, '9', '70089341', '4', 37, 5, 'U7675', '2020-12-30', '2019-10-19', 1, ''),
(55, '1484', 2600, 4000, '9', '80089292', '2', 37, 5, 'U7675', '2021-10-30', '2019-10-19', 1, ''),
(56, '1489', 4000, 7000, '3', '8008060', '4', 37, 5, 'U7675', '2021-10-30', '2019-10-19', 1, ''),
(57, '1493', 4000, 6000, '3', '90010020', '3', 37, 5, 'U7675', '2022-06-30', '2019-10-19', 1, ''),
(58, '1368', 450, 800, '3', '09H1919', '11', 37, 5, 'U7675', '2021-12-31', '2019-10-19', 1, ''),
(59, '858', 2100, 3500, '3', '07I2418', '1', 37, 5, 'U7675', '2020-12-31', '2019-10-19', 1, ''),
(60, '1369', 1000, 1500, '3', '0057A07A19', '1', 37, 5, 'U7675', '2021-01-07', '2019-10-19', 1, ''),
(61, '1369', 900, 1500, '3', '05C2219', '3', 37, 5, 'U7675', '2021-12-31', '2019-10-19', 1, ''),
(62, '1025', 400, 1000, '13', 'BVL274', '6', 37, 5, 'U7675', '2020-09-30', '2019-10-19', 1, ''),
(63, '814', 600, 1500, '13', 'FK096', '17', 37, 5, 'U7675', '2021-04-30', '2019-10-19', 1, ''),
(64, '226', 300, 500, '13', '1901006', '43', 37, 5, 'U7675', '2021-12-31', '2019-10-19', 1, ''),
(65, '225', 300, 500, '13', '06314', '20', 37, 5, 'U7675', '2022-03-30', '2019-10-19', 1, ''),
(66, '1747', 250, 600, '13', '1805256', '8', 37, 5, 'U7675', '2021-04-30', '2019-10-19', 1, ''),
(67, '496', 2400, 4000, '7', '18BQ063', '1', 37, 5, 'U7675', '2021-04-30', '2019-10-19', 1, ''),
(68, '297', 1600, 2500, '3', '10161108', '1', 37, 5, 'U7675', '2020-04-30', '2019-10-19', 1, ''),
(69, '297', 1600, 2500, '3', '10181075', '2', 37, 5, 'U7675', '2022-04-30', '2019-10-19', 1, ''),
(70, '1741', 2500, 4500, '13', 'WX213', '2', 37, 5, 'U7675', '2020-10-30', '2019-10-19', 1, ''),
(71, '1256', 2300, 3600, '13', 'T28561A', '2', 37, 5, 'U7675', '2020-11-30', '2019-10-19', 1, ''),
(72, '770', 3800, 6000, '13', '13572', '2', 37, 5, 'U7675', '2020-04-30', '2019-10-19', 1, ''),
(73, '1572', 350, 1000, '13', '1017122', '3', 37, 5, 'U7675', '2020-09-30', '2019-10-19', 1, ''),
(74, '1190', 3600, 5400, '13', '426050', '3', 37, 5, 'U7675', '2021-09-30', '2019-10-19', 1, ''),
(75, '1118', 1200, 1800, '13', 'OE-391', '5', 37, 5, 'U7675', '2021-02-25', '2019-10-19', 1, ''),
(76, '1373', 3400, 5200, '13', '3261', '4', 37, 5, 'U7675', '0000-00-00', '2019-10-19', 1, ''),
(77, '1374', 3300, 5200, '13', '3186', '3', 37, 5, 'U7675', '2022-04-30', '2019-10-19', 1, ''),
(78, '1090', 1550, 2500, '13', 'ZE1902', '10', 37, 5, 'U7675', '2020-06-30', '2019-10-19', 1, ''),
(79, '1116', 250, 1000, '13', '1802223', '6', 37, 5, 'U7675', '2021-01-30', '2019-10-19', 1, ''),
(80, '1617', 250, 700, '13', '70914', '3', 37, 5, 'U7675', '2021-01-01', '2019-10-19', 1, ''),
(81, '294', 1400, 2200, '13', '10180579', '2', 37, 5, 'U7675', '2021-02-25', '2019-10-19', 1, ''),
(82, '294', 1400, 2200, '13', '10190636', '5', 37, 5, 'U7675', '2022-02-25', '2019-10-19', 1, ''),
(83, '514', 1900, 3000, '13', '33357', '1', 37, 5, 'U7675', '2020-12-30', '2019-10-19', 1, ''),
(84, '516', 3800, 5500, '3', 'BX016', '1', 37, 5, 'U7675', '2023-02-25', '2019-10-19', 1, ''),
(85, '825', 47, 100, '8', '214076717LPZA', '500', 37, 5, 'U7675', '2024-03-30', '2019-10-19', 1, ''),
(86, '413', 250, 800, '13', '1807061', '29', 37, 5, 'U7675', '2021-06-30', '2019-10-19', 1, ''),
(87, '295', 1300, 2000, '13', '10172048', '3', 37, 5, 'U7675', '2021-09-20', '2019-10-19', 1, ''),
(88, '533', 3500, 5200, '3', 'C322A', '3', 37, 5, 'U7675', '2020-09-30', '2019-10-19', 1, ''),
(89, '532', 2100, 3200, '13', 'C325C', '1', 37, 5, 'U7675', '2020-09-25', '2019-10-19', 1, ''),
(90, '532', 2100, 3200, '13', 'C330A', '2', 37, 5, 'U7675', '2020-12-30', '2019-10-19', 1, ''),
(91, '1212', 2250, 3500, '13', 'T8118', '1', 37, 5, 'U7675', '2021-05-30', '2019-10-19', 1, ''),
(92, '57', 2900, 4500, '13', 'C79', '1', 37, 5, 'U7675', '2021-05-30', '2019-10-19', 1, ''),
(93, '56', 3000, 4500, '13', 'C23', '2', 37, 5, 'U7675', '2023-10-31', '2019-10-19', 1, ''),
(94, '1324', 5500, 8100, '13', 'M003', '2', 37, 5, 'U7675', '2021-06-30', '2019-10-19', 1, ''),
(95, '985', 4000, 9500, '13', '190', '1', 37, 5, 'U7675', '2021-01-31', '2019-10-19', 1, ''),
(96, '727', 3700, 5500, '13', 'GN6K', '2', 37, 5, 'U7675', '2021-03-20', '2019-10-19', 1, ''),
(97, '910', 850, 1500, '13', '171668', '2', 37, 5, 'U7675', '2020-08-03', '2019-10-19', 1, ''),
(98, '16', 750, 1500, '13', '04127', '1', 37, 5, 'U7675', '2021-05-30', '2019-10-19', 1, ''),
(99, '16', 750, 1500, '13', '06065', '2', 37, 5, 'U7675', '2022-02-25', '2019-10-19', 1, ''),
(100, '513', 2800, 4500, '13', '1080', '1', 37, 5, 'U7675', '2020-03-30', '2019-10-19', 1, ''),
(101, '603', 2950, 4500, '13', 'F01701', '3', 37, 5, 'U7675', '2021-05-30', '2019-10-19', 1, ''),
(102, '1336', 2200, 3300, '13', 'FRP18072', '1', 37, 5, 'U7675', '2021-05-30', '2019-10-19', 1, ''),
(103, '475', 2700, 4500, '13', '8022208', '1', 37, 5, 'U7675', '2020-02-20', '2019-10-19', 1, ''),
(104, '476', 2600, 4500, '13', '8021214', '1', 37, 5, 'U7675', '2020-02-25', '2019-10-19', 1, ''),
(105, '1023', 3500, 5500, '13', '18G38/75', '2', 37, 5, 'U7675', '2021-07-30', '2019-10-19', 1, ''),
(106, '602', 2200, 3300, '13', 'FO2001', '1', 37, 5, 'U7675', '2020-12-31', '2019-10-19', 1, ''),
(107, '535', 5000, 7500, '13', 'E33P', '1', 37, 5, 'U7675', '2021-03-30', '2019-10-19', 1, ''),
(108, '736', 250, 800, '13', '1806104', '12', 37, 5, 'U7675', '2021-05-30', '2019-10-19', 1, ''),
(109, '737', 10, 50, '9', 'BL161010', '24', 37, 5, 'U7675', '2021-11-30', '2019-10-19', 1, ''),
(110, '648', 550, 1000, '3', '06H1519', '4', 37, 5, 'U7675', '2021-12-31', '2019-10-19', 1, ''),
(111, '846', 1000, 1800, '3', '288F221118', '2', 37, 5, 'U7675', '2020-11-21', '2019-10-19', 1, ''),
(112, '893', 3850, 5800, '3', 'ALRP128431', '3', 37, 5, 'U7675', '2020-10-17', '2019-10-19', 1, ''),
(113, '1595', 900, 1500, '3', '06G1218', '2', 37, 5, 'U7675', '2020-12-31', '2019-10-19', 1, ''),
(114, '647', 600, 1000, '3', 'I3H2119', '5', 37, 5, 'U7675', '2021-12-31', '2019-10-19', 1, ''),
(115, '1545', 3500, 6000, '9', 'N/A', '1', 37, 5, 'U7675', '2030-12-31', '2019-10-19', 1, ''),
(116, '1630', 458, 800, '7', 'N/A', '2', 37, 5, 'U7675', '2030-12-31', '2019-10-19', 1, ''),
(117, '1631', 500, 800, '7', 'N/A', '4', 37, 5, 'U7675', '2030-12-31', '2019-10-19', 1, ''),
(118, '1727', 500, 1000, '3', 'O8I2118', '3', 37, 5, 'U7675', '2020-12-31', '2019-10-19', 1, ''),
(119, '700', 500, 1000, '3', 'O8I2118', '1', 37, 5, 'U7675', '2020-12-31', '2019-10-19', 1, ''),
(120, '1459', 935, 1500, '3', '1805007', '7', 37, 5, 'U7675', '2021-05-30', '2019-10-19', 1, ''),
(121, '1672', 390, 600, '9', '150624', '8', 37, 5, 'U7675', '2020-06-30', '2019-10-19', 1, ''),
(122, '1136', 500, 1000, '7', 'S45UT006', '2', 37, 5, 'U7675', '2023-07-30', '2019-10-19', 1, ''),
(123, '1132', 500, 1000, '7', 'RL45025', '2', 37, 5, 'U7675', '2022-08-30', '2019-10-19', 1, ''),
(124, '1131', 500, 1000, '7', 'RD45046', '1', 37, 5, 'U7675', '2023-01-31', '2019-10-19', 1, ''),
(125, '1353', 150, 500, '7', '1711010', '130', 37, 5, 'U7675', '2022-10-30', '2019-10-19', 1, ''),
(126, '1138', 650, 1200, '7', '201903', '11', 37, 5, 'U7675', '2022-03-18', '2019-10-19', 1, ''),
(127, '1705', 3300, 4500, '3', '0240254', '10', 37, 5, 'U7675', '2021-11-28', '2019-10-19', 1, ''),
(128, '1698', 1280, 1800, '3', '0240254', '7', 37, 5, 'U7675', '2021-11-28', '2019-10-19', 1, ''),
(129, '1701', 1700, 2500, '3', '09H1018', '5', 37, 5, 'U7675', '2020-12-31', '2019-10-19', 1, ''),
(130, '1702', 1800, 2500, '3', '0240254', '7', 37, 5, 'U7675', '2021-11-28', '2019-10-19', 1, ''),
(131, '1268', 1000, 2500, '3', '1810106', '14', 37, 5, 'U7675', '2022-02-25', '2019-10-19', 1, ''),
(132, '213', 800, 2500, '3', '1930A1901', '3', 37, 5, 'U7675', '2021-12-31', '2019-10-19', 1, ''),
(133, '1195', 400, 800, '13', 'D26018001', '1', 37, 5, 'U7675', '2021-03-30', '2019-10-19', 1, ''),
(134, '812', 2400, 3500, '13', 'A69966', '2', 37, 5, 'U7675', '2021-02-25', '2019-10-19', 1, ''),
(135, '812', 2400, 3500, '13', 'A77388', '4', 37, 5, 'U7675', '2021-05-30', '2019-10-19', 1, ''),
(136, '811', 2400, 3500, '13', 'A80648', '5', 37, 5, 'U7675', '2021-07-30', '2019-10-19', 1, ''),
(137, '1533', 800, 1200, '13', 'A1850', '25', 37, 5, 'U7675', '2020-05-30', '2019-10-19', 1, ''),
(138, '303', 1300, 2000, '13', '10182407', '25', 37, 5, 'U7675', '2021-08-30', '2019-10-19', 1, ''),
(139, '901', 350, 800, '13', '1804162', '13', 37, 5, 'U7675', '2021-03-30', '2019-10-19', 1, ''),
(140, '453', 43, 100, '7', 'GS/214', '97', 37, 5, 'U7675', '2022-09-30', '2019-10-19', 1, ''),
(141, '955', 280, 1000, '13', '1906001', '13', 37, 5, 'U7675', '2022-03-30', '2019-10-19', 1, ''),
(142, '1513', 29, 100, '9', '171012', '62', 37, 5, 'U7675', '2022-10-30', '2019-10-19', 1, ''),
(143, '1510', 32, 100, '9', '091605R', '57', 37, 5, 'U7675', '2021-08-30', '2019-10-19', 1, ''),
(144, '1509', 42, 100, '9', '181044', '234', 37, 5, 'U7675', '2023-10-31', '2019-10-19', 1, ''),
(145, '469', 1750, 3000, '7', '4629', '6', 37, 5, 'U7675', '2023-12-31', '2019-10-19', 1, ''),
(146, '469', 1750, 3000, '7', 'AB017', '2', 37, 5, 'U7675', '2020-05-30', '2019-10-19', 1, ''),
(147, '453', 43, 100, '9', '18021301', '33', 37, 5, 'U7675', '2023-02-25', '2019-10-19', 1, ''),
(148, '764', 280, 600, '9', '180308', '24', 37, 5, 'U7675', '2023-03-30', '2019-10-19', 1, ''),
(149, '194', 700, 1200, '9', 'N/A', '5', 37, 5, 'U7675', '2030-12-31', '2019-10-20', 1, ''),
(150, '193', 550, 1000, '9', 'N/A', '2', 37, 5, 'U7675', '2030-12-31', '2019-10-20', 1, ''),
(151, '73', 2000, 2500, '3', 'N/A', '3', 37, 5, 'U7675', '2021-04-30', '2019-10-20', 1, ''),
(152, '73', 2000, 2500, '3', 'N/A', '7', 37, 5, 'U7675', '2022-04-30', '2019-10-20', 1, ''),
(153, '72', 1200, 1700, '3', 'N/A', '1', 37, 5, 'U7675', '2020-04-30', '2019-10-20', 1, ''),
(154, '72', 1200, 1700, '3', 'N/A', '2', 37, 5, 'U7675', '2022-04-30', '2019-10-20', 1, ''),
(155, '71', 800, 1000, '3', 'N/A', '4', 37, 5, 'U7675', '2022-04-30', '2019-10-20', 1, ''),
(156, '1137', 1425, 2500, '7', '201903', '15', 37, 5, 'U7675', '2022-03-18', '2019-10-20', 1, ''),
(157, '1412', 55.5, 100, '7', 'N/A', '30', 37, 5, 'U7675', '2023-07-30', '2019-10-20', 1, ''),
(158, '1582', 400, 600, '3', 'S001', '4', 37, 5, 'U7675', '2020-06-03', '2019-10-20', 1, ''),
(159, '221', 2000, 3000, '3', '321764', '1', 37, 5, 'U7675', '2020-09-30', '2019-10-20', 1, ''),
(160, '1379', 1000, 2000, '3', '0717164', '1', 37, 5, 'U7675', '2020-06-20', '2019-10-20', 1, ''),
(161, '1379', 1000, 2000, '3', '1808076', '3', 37, 5, 'U7675', '2021-07-30', '2019-10-20', 1, ''),
(162, '1544', 1200, 1800, '9', '180701', '7', 37, 5, 'U7675', '2023-07-30', '2019-10-20', 1, ''),
(163, '1172', 7705, 10000, '7', '9096477610', '3', 37, 5, 'U7675', '2020-10-30', '2019-10-20', 1, '');

-- --------------------------------------------------------

--
-- Table structure for table `total_sales`
--

CREATE TABLE `total_sales` (
  `Ids` int(11) NOT NULL,
  `transaction_ID` varchar(20) NOT NULL,
  `medicine_ID` int(11) NOT NULL,
  `batch` varchar(50) NOT NULL,
  `quantity` double NOT NULL,
  `price` int(11) NOT NULL,
  `sub_total` int(11) NOT NULL,
  `total_price` varchar(20) NOT NULL,
  `date_done` text NOT NULL,
  `userID` int(11) NOT NULL,
  `User_branch` varchar(20) NOT NULL,
  `institution_code` varchar(45) NOT NULL,
  `date_with_hours` datetime NOT NULL,
  `customer_name` varchar(80) NOT NULL,
  `customer_telphone` varchar(10) NOT NULL,
  `payment_mode` varchar(15) NOT NULL,
  `customer_tin` int(11) NOT NULL
) ENGINE=InnoDB DEFAULT CHARSET=latin1;

-- --------------------------------------------------------

--
-- Table structure for table `transactions`
--

CREATE TABLE `transactions` (
  `TRANSACTION_ID` int(11) NOT NULL,
  `DATE_OF_TRANSACTION` datetime NOT NULL,
  `TOTAL_PRICE` int(11) DEFAULT NULL,
  `TRANSACTION_NUMBER` varchar(50) NOT NULL,
  `user` varchar(20) NOT NULL,
  `user_id` int(11) NOT NULL,
  `Branch` varchar(50) NOT NULL,
  `institution_code` varchar(45) NOT NULL,
  `done_at` date NOT NULL
) ENGINE=InnoDB DEFAULT CHARSET=latin1;

-- --------------------------------------------------------

--
-- Table structure for table `user_privilegies`
--

CREATE TABLE `user_privilegies` (
  `privilege_ID` int(11) NOT NULL,
  `role_id` int(11) NOT NULL,
  `institution_code` varchar(45) NOT NULL,
  `acc_privilegie` int(11) NOT NULL,
  `acc_medecine` int(11) NOT NULL,
  `acc_medecine_list` int(11) NOT NULL,
  `acc_purchased` int(11) NOT NULL,
  `acc_medecine_cat` int(11) NOT NULL,
  `acc_management` int(11) NOT NULL,
  `acc_to_serve` int(11) NOT NULL,
  `acc_all_served` int(11) NOT NULL,
  `acc_branches` int(11) NOT NULL,
  `acc_manager_report` int(11) NOT NULL,
  `acc_pharmacy_user` int(11) NOT NULL,
  `acc_transaction` int(11) NOT NULL,
  `new_medecine` enum('0','1') NOT NULL DEFAULT '0',
  `remove_medecine` int(11) NOT NULL,
  `new_purchase` enum('0','1') NOT NULL DEFAULT '0',
  `new_price` enum('0','1') NOT NULL DEFAULT '0'
) ENGINE=InnoDB DEFAULT CHARSET=utf8;

--
-- Dumping data for table `user_privilegies`
--

INSERT INTO `user_privilegies` (`privilege_ID`, `role_id`, `institution_code`, `acc_privilegie`, `acc_medecine`, `acc_medecine_list`, `acc_purchased`, `acc_medecine_cat`, `acc_management`, `acc_to_serve`, `acc_all_served`, `acc_branches`, `acc_manager_report`, `acc_pharmacy_user`, `acc_transaction`, `new_medecine`, `remove_medecine`, `new_purchase`, `new_price`) VALUES
(1, 3, 'superAdmin', 1, 1, 1, 1, 1, 1, 1, 1, 1, 1, 1, 1, '1', 1, '0', '0'),
(2, 4, 'U7675', 0, 1, 1, 1, 1, 1, 1, 1, 0, 0, 0, 1, '1', 1, '0', '0'),
(3, 5, 'U7675', 0, 0, 0, 0, 0, 0, 0, 0, 0, 0, 0, 0, '0', 0, '0', '0');

-- --------------------------------------------------------

--
-- Table structure for table `user_role`
--

CREATE TABLE `user_role` (
  `role_id` int(11) NOT NULL,
  `role_name` varchar(45) NOT NULL,
  `institution_code` varchar(45) NOT NULL,
  `reg_date` date NOT NULL
) ENGINE=InnoDB DEFAULT CHARSET=latin1;

--
-- Dumping data for table `user_role`
--

INSERT INTO `user_role` (`role_id`, `role_name`, `institution_code`, `reg_date`) VALUES
(1, 'Super Admin', 'superAdmin', '0000-00-00'),
(3, 'PHARMACIE MANAGER', 'superAdmin', '2019-10-13'),
(4, 'PHARMACIST', 'U7675', '2019-10-13'),
(5, 'NURSE', 'U7675', '2019-10-13');

--
-- Indexes for dumped tables
--

--
-- Indexes for table `login`
--
ALTER TABLE `login`
  ADD PRIMARY KEY (`user_id`);

--
-- Indexes for table `login_details`
--
ALTER TABLE `login_details`
  ADD PRIMARY KEY (`login_details_id`);

--
-- Indexes for table `medical_category`
--
ALTER TABLE `medical_category`
  ADD PRIMARY KEY (`category_ID`);

--
-- Indexes for table `medical_expense`
--
ALTER TABLE `medical_expense`
  ADD PRIMARY KEY (`expense_ID`);

--
-- Indexes for table `medical_incomes`
--
ALTER TABLE `medical_incomes`
  ADD PRIMARY KEY (`income_ID`);

--
-- Indexes for table `medical_product`
--
ALTER TABLE `medical_product`
  ADD PRIMARY KEY (`product_ID`);

--
-- Indexes for table `medical_selling_price`
--
ALTER TABLE `medical_selling_price`
  ADD PRIMARY KEY (`selling_ID`);

--
-- Indexes for table `phar_branch`
--
ALTER TABLE `phar_branch`
  ADD PRIMARY KEY (`branch_ID`);

--
-- Indexes for table `phar_institution`
--
ALTER TABLE `phar_institution`
  ADD PRIMARY KEY (`institution_id`);

--
-- Indexes for table `purchase_medical_product`
--
ALTER TABLE `purchase_medical_product`
  ADD PRIMARY KEY (`purchase_ID`);

--
-- Indexes for table `total_sales`
--
ALTER TABLE `total_sales`
  ADD PRIMARY KEY (`Ids`);

--
-- Indexes for table `transactions`
--
ALTER TABLE `transactions`
  ADD PRIMARY KEY (`TRANSACTION_ID`);

--
-- Indexes for table `user_privilegies`
--
ALTER TABLE `user_privilegies`
  ADD PRIMARY KEY (`privilege_ID`);

--
-- Indexes for table `user_role`
--
ALTER TABLE `user_role`
  ADD PRIMARY KEY (`role_id`);

--
-- AUTO_INCREMENT for dumped tables
--

--
-- AUTO_INCREMENT for table `login`
--
ALTER TABLE `login`
  MODIFY `user_id` int(11) NOT NULL AUTO_INCREMENT, AUTO_INCREMENT=39;

--
-- AUTO_INCREMENT for table `medical_category`
--
ALTER TABLE `medical_category`
  MODIFY `category_ID` int(11) NOT NULL AUTO_INCREMENT, AUTO_INCREMENT=15;

--
-- AUTO_INCREMENT for table `medical_expense`
--
ALTER TABLE `medical_expense`
  MODIFY `expense_ID` int(11) NOT NULL AUTO_INCREMENT;

--
-- AUTO_INCREMENT for table `medical_incomes`
--
ALTER TABLE `medical_incomes`
  MODIFY `income_ID` int(11) NOT NULL AUTO_INCREMENT;

--
-- AUTO_INCREMENT for table `medical_product`
--
ALTER TABLE `medical_product`
  MODIFY `product_ID` int(11) NOT NULL AUTO_INCREMENT, AUTO_INCREMENT=1792;

--
-- AUTO_INCREMENT for table `medical_selling_price`
--
ALTER TABLE `medical_selling_price`
  MODIFY `selling_ID` int(11) NOT NULL AUTO_INCREMENT;

--
-- AUTO_INCREMENT for table `phar_branch`
--
ALTER TABLE `phar_branch`
  MODIFY `branch_ID` int(11) NOT NULL AUTO_INCREMENT, AUTO_INCREMENT=8;

--
-- AUTO_INCREMENT for table `phar_institution`
--
ALTER TABLE `phar_institution`
  MODIFY `institution_id` int(11) NOT NULL AUTO_INCREMENT, AUTO_INCREMENT=3;

--
-- AUTO_INCREMENT for table `purchase_medical_product`
--
ALTER TABLE `purchase_medical_product`
  MODIFY `purchase_ID` int(11) NOT NULL AUTO_INCREMENT, AUTO_INCREMENT=164;

--
-- AUTO_INCREMENT for table `total_sales`
--
ALTER TABLE `total_sales`
  MODIFY `Ids` int(11) NOT NULL AUTO_INCREMENT;

--
-- AUTO_INCREMENT for table `transactions`
--
ALTER TABLE `transactions`
  MODIFY `TRANSACTION_ID` int(11) NOT NULL AUTO_INCREMENT;

--
-- AUTO_INCREMENT for table `user_privilegies`
--
ALTER TABLE `user_privilegies`
  MODIFY `privilege_ID` int(11) NOT NULL AUTO_INCREMENT, AUTO_INCREMENT=4;

--
-- AUTO_INCREMENT for table `user_role`
--
ALTER TABLE `user_role`
  MODIFY `role_id` int(11) NOT NULL AUTO_INCREMENT, AUTO_INCREMENT=6;
COMMIT;

/*!40101 SET CHARACTER_SET_CLIENT=@OLD_CHARACTER_SET_CLIENT */;
/*!40101 SET CHARACTER_SET_RESULTS=@OLD_CHARACTER_SET_RESULTS */;
/*!40101 SET COLLATION_CONNECTION=@OLD_COLLATION_CONNECTION */;
